DEBUG - 2026-01-04 00:36:31 --> Session: Class initialized using 'CodeIgniter\Session\Handlers\FileHandler' driver.
DEBUG - 2026-01-04 00:36:35 --> Session: Class initialized using 'CodeIgniter\Session\Handlers\FileHandler' driver.
DEBUG - 2026-01-04 00:36:36 --> Session: Class initialized using 'CodeIgniter\Session\Handlers\FileHandler' driver.
DEBUG - 2026-01-04 00:36:54 --> Session: Class initialized using 'CodeIgniter\Session\Handlers\FileHandler' driver.
DEBUG - 2026-01-04 00:36:54 --> Session: Class initialized using 'CodeIgniter\Session\Handlers\FileHandler' driver.
DEBUG - 2026-01-04 00:37:04 --> Session: Class initialized using 'CodeIgniter\Session\Handlers\FileHandler' driver.
DEBUG - 2026-01-04 00:37:04 --> Session: Class initialized using 'CodeIgniter\Session\Handlers\FileHandler' driver.
DEBUG - 2026-01-04 00:37:19 --> Session: Class initialized using 'CodeIgniter\Session\Handlers\FileHandler' driver.
DEBUG - 2026-01-04 00:37:19 --> Session: Class initialized using 'CodeIgniter\Session\Handlers\FileHandler' driver.
DEBUG - 2026-01-04 00:37:51 --> Session: Class initialized using 'CodeIgniter\Session\Handlers\FileHandler' driver.
DEBUG - 2026-01-04 00:37:58 --> Session: Class initialized using 'CodeIgniter\Session\Handlers\FileHandler' driver.
DEBUG - 2026-01-04 00:37:58 --> Session: Class initialized using 'CodeIgniter\Session\Handlers\FileHandler' driver.
DEBUG - 2026-01-04 00:38:06 --> Session: Class initialized using 'CodeIgniter\Session\Handlers\FileHandler' driver.
DEBUG - 2026-01-04 00:38:06 --> Session: Class initialized using 'CodeIgniter\Session\Handlers\FileHandler' driver.
DEBUG - 2026-01-04 00:38:10 --> Session: Class initialized using 'CodeIgniter\Session\Handlers\FileHandler' driver.
DEBUG - 2026-01-04 00:38:19 --> Session: Class initialized using 'CodeIgniter\Session\Handlers\FileHandler' driver.
DEBUG - 2026-01-04 00:38:26 --> Session: Class initialized using 'CodeIgniter\Session\Handlers\FileHandler' driver.
DEBUG - 2026-01-04 00:38:32 --> Session: Class initialized using 'CodeIgniter\Session\Handlers\FileHandler' driver.
DEBUG - 2026-01-04 00:38:32 --> Session: Class initialized using 'CodeIgniter\Session\Handlers\FileHandler' driver.
DEBUG - 2026-01-04 00:38:42 --> Session: Class initialized using 'CodeIgniter\Session\Handlers\FileHandler' driver.
DEBUG - 2026-01-04 00:38:42 --> Session: Class initialized using 'CodeIgniter\Session\Handlers\FileHandler' driver.
DEBUG - 2026-01-04 00:38:48 --> Session: Class initialized using 'CodeIgniter\Session\Handlers\FileHandler' driver.
DEBUG - 2026-01-04 00:38:48 --> Session: Class initialized using 'CodeIgniter\Session\Handlers\FileHandler' driver.
DEBUG - 2026-01-04 00:40:31 --> Session: Class initialized using 'CodeIgniter\Session\Handlers\FileHandler' driver.
DEBUG - 2026-01-04 00:40:31 --> Session: Class initialized using 'CodeIgniter\Session\Handlers\FileHandler' driver.
DEBUG - 2026-01-04 00:40:37 --> Session: Class initialized using 'CodeIgniter\Session\Handlers\FileHandler' driver.
DEBUG - 2026-01-04 00:40:38 --> Session: Class initialized using 'CodeIgniter\Session\Handlers\FileHandler' driver.
DEBUG - 2026-01-04 00:40:41 --> Session: Class initialized using 'CodeIgniter\Session\Handlers\FileHandler' driver.
DEBUG - 2026-01-04 00:41:12 --> Session: Class initialized using 'CodeIgniter\Session\Handlers\FileHandler' driver.
DEBUG - 2026-01-04 00:41:25 --> Session: Class initialized using 'CodeIgniter\Session\Handlers\FileHandler' driver.
DEBUG - 2026-01-04 00:41:25 --> Session: Class initialized using 'CodeIgniter\Session\Handlers\FileHandler' driver.
DEBUG - 2026-01-04 00:41:28 --> Session: Class initialized using 'CodeIgniter\Session\Handlers\FileHandler' driver.
DEBUG - 2026-01-04 00:41:28 --> Session: Class initialized using 'CodeIgniter\Session\Handlers\FileHandler' driver.
DEBUG - 2026-01-04 00:41:38 --> Session: Class initialized using 'CodeIgniter\Session\Handlers\FileHandler' driver.
DEBUG - 2026-01-04 00:41:38 --> Session: Class initialized using 'CodeIgniter\Session\Handlers\FileHandler' driver.
DEBUG - 2026-01-04 00:41:52 --> Session: Class initialized using 'CodeIgniter\Session\Handlers\FileHandler' driver.
DEBUG - 2026-01-04 00:41:53 --> Session: Class initialized using 'CodeIgniter\Session\Handlers\FileHandler' driver.
DEBUG - 2026-01-04 00:42:20 --> Session: Class initialized using 'CodeIgniter\Session\Handlers\FileHandler' driver.
DEBUG - 2026-01-04 00:42:20 --> Session: Class initialized using 'CodeIgniter\Session\Handlers\FileHandler' driver.
DEBUG - 2026-01-04 00:42:28 --> Session: Class initialized using 'CodeIgniter\Session\Handlers\FileHandler' driver.
DEBUG - 2026-01-04 00:55:34 --> Session: Class initialized using 'CodeIgniter\Session\Handlers\FileHandler' driver.
DEBUG - 2026-01-04 00:57:11 --> Session: Class initialized using 'CodeIgniter\Session\Handlers\FileHandler' driver.
DEBUG - 2026-01-04 00:57:11 --> Session: Class initialized using 'CodeIgniter\Session\Handlers\FileHandler' driver.
DEBUG - 2026-01-04 00:59:18 --> Session: Class initialized using 'CodeIgniter\Session\Handlers\FileHandler' driver.
DEBUG - 2026-01-04 01:02:40 --> Session: Class initialized using 'CodeIgniter\Session\Handlers\FileHandler' driver.
CRITICAL - 2026-01-04 01:08:01 --> ErrorException: Undefined array key "stock"
[Method: GET, Route: order]
in APPPATH\Views\orders\form_order.php on line 38.
 1 APPPATH\Views\orders\form_order.php(38): CodeIgniter\Debug\Exceptions->errorHandler(2, 'Undefined array key "stock"', 'C:\\xampp\\htdocs\\rendi\\app\\Views\\orders\\form_order.php', 38)
 2 SYSTEMPATH\View\View.php(226): include('C:\\xampp\\htdocs\\rendi\\app\\Views\\orders\\form_order.php')
 3 SYSTEMPATH\View\View.php(229): CodeIgniter\View\View->CodeIgniter\View\{closure}()
 4 SYSTEMPATH\Common.php(1167): CodeIgniter\View\View->render('orders/form_order', [], true)
 5 APPPATH\Controllers\Order.php(23): view('orders/form_order', [...])
 6 SYSTEMPATH\CodeIgniter.php(933): App\Controllers\Order->create()
 7 SYSTEMPATH\CodeIgniter.php(507): CodeIgniter\CodeIgniter->runController(Object(App\Controllers\Order))
 8 SYSTEMPATH\CodeIgniter.php(354): CodeIgniter\CodeIgniter->handleRequest(null, Object(Config\Cache), false)
 9 SYSTEMPATH\Boot.php(363): CodeIgniter\CodeIgniter->run()
10 SYSTEMPATH\Boot.php(68): CodeIgniter\Boot::runCodeIgniter(Object(CodeIgniter\CodeIgniter))
11 FCPATH\index.php(59): CodeIgniter\Boot::bootWeb(Object(Config\Paths))
12 SYSTEMPATH\rewrite.php(44): require_once('C:\\xampp\\htdocs\\rendi\\public\\index.php')
CRITICAL - 2026-01-04 01:09:32 --> ErrorException: Undefined array key "stock"
[Method: GET, Route: order]
in APPPATH\Views\orders\form_order.php on line 38.
 1 APPPATH\Views\orders\form_order.php(38): CodeIgniter\Debug\Exceptions->errorHandler(2, 'Undefined array key "stock"', 'C:\\xampp\\htdocs\\rendi\\app\\Views\\orders\\form_order.php', 38)
 2 SYSTEMPATH\View\View.php(226): include('C:\\xampp\\htdocs\\rendi\\app\\Views\\orders\\form_order.php')
 3 SYSTEMPATH\View\View.php(229): CodeIgniter\View\View->CodeIgniter\View\{closure}()
 4 SYSTEMPATH\Common.php(1167): CodeIgniter\View\View->render('orders/form_order', [], true)
 5 APPPATH\Controllers\Order.php(23): view('orders/form_order', [...])
 6 SYSTEMPATH\CodeIgniter.php(933): App\Controllers\Order->create()
 7 SYSTEMPATH\CodeIgniter.php(507): CodeIgniter\CodeIgniter->runController(Object(App\Controllers\Order))
 8 SYSTEMPATH\CodeIgniter.php(354): CodeIgniter\CodeIgniter->handleRequest(null, Object(Config\Cache), false)
 9 SYSTEMPATH\Boot.php(363): CodeIgniter\CodeIgniter->run()
10 SYSTEMPATH\Boot.php(68): CodeIgniter\Boot::runCodeIgniter(Object(CodeIgniter\CodeIgniter))
11 FCPATH\index.php(59): CodeIgniter\Boot::bootWeb(Object(Config\Paths))
12 SYSTEMPATH\rewrite.php(44): require_once('C:\\xampp\\htdocs\\rendi\\public\\index.php')
CRITICAL - 2026-01-04 01:09:34 --> ErrorException: Undefined array key "stock"
[Method: GET, Route: order]
in APPPATH\Views\orders\form_order.php on line 38.
 1 APPPATH\Views\orders\form_order.php(38): CodeIgniter\Debug\Exceptions->errorHandler(2, 'Undefined array key "stock"', 'C:\\xampp\\htdocs\\rendi\\app\\Views\\orders\\form_order.php', 38)
 2 SYSTEMPATH\View\View.php(226): include('C:\\xampp\\htdocs\\rendi\\app\\Views\\orders\\form_order.php')
 3 SYSTEMPATH\View\View.php(229): CodeIgniter\View\View->CodeIgniter\View\{closure}()
 4 SYSTEMPATH\Common.php(1167): CodeIgniter\View\View->render('orders/form_order', [], true)
 5 APPPATH\Controllers\Order.php(23): view('orders/form_order', [...])
 6 SYSTEMPATH\CodeIgniter.php(933): App\Controllers\Order->create()
 7 SYSTEMPATH\CodeIgniter.php(507): CodeIgniter\CodeIgniter->runController(Object(App\Controllers\Order))
 8 SYSTEMPATH\CodeIgniter.php(354): CodeIgniter\CodeIgniter->handleRequest(null, Object(Config\Cache), false)
 9 SYSTEMPATH\Boot.php(363): CodeIgniter\CodeIgniter->run()
10 SYSTEMPATH\Boot.php(68): CodeIgniter\Boot::runCodeIgniter(Object(CodeIgniter\CodeIgniter))
11 FCPATH\index.php(59): CodeIgniter\Boot::bootWeb(Object(Config\Paths))
12 SYSTEMPATH\rewrite.php(44): require_once('C:\\xampp\\htdocs\\rendi\\public\\index.php')
DEBUG - 2026-01-04 01:11:05 --> Session: Class initialized using 'CodeIgniter\Session\Handlers\FileHandler' driver.
DEBUG - 2026-01-04 01:11:28 --> Session: Class initialized using 'CodeIgniter\Session\Handlers\FileHandler' driver.
DEBUG - 2026-01-04 01:11:29 --> Session: Class initialized using 'CodeIgniter\Session\Handlers\FileHandler' driver.
DEBUG - 2026-01-04 01:11:33 --> Session: Class initialized using 'CodeIgniter\Session\Handlers\FileHandler' driver.
DEBUG - 2026-01-04 01:11:37 --> Session: Class initialized using 'CodeIgniter\Session\Handlers\FileHandler' driver.
DEBUG - 2026-01-04 01:11:38 --> Session: Class initialized using 'CodeIgniter\Session\Handlers\FileHandler' driver.
DEBUG - 2026-01-04 01:11:44 --> Session: Class initialized using 'CodeIgniter\Session\Handlers\FileHandler' driver.
DEBUG - 2026-01-04 01:11:44 --> Session: Class initialized using 'CodeIgniter\Session\Handlers\FileHandler' driver.
DEBUG - 2026-01-04 01:11:47 --> Session: Class initialized using 'CodeIgniter\Session\Handlers\FileHandler' driver.
DEBUG - 2026-01-04 01:11:47 --> Session: Class initialized using 'CodeIgniter\Session\Handlers\FileHandler' driver.
DEBUG - 2026-01-04 01:11:49 --> Session: Class initialized using 'CodeIgniter\Session\Handlers\FileHandler' driver.
DEBUG - 2026-01-04 01:11:51 --> Session: Class initialized using 'CodeIgniter\Session\Handlers\FileHandler' driver.
ERROR - 2026-01-04 01:11:56 --> Error connecting to the database: mysqli_sql_exception: No connection could be made because the target machine actively refused it in C:\xampp\htdocs\rendi\system\Database\MySQLi\Connection.php:202
Stack trace:
#0 C:\xampp\htdocs\rendi\system\Database\MySQLi\Connection.php(202): mysqli->real_connect('localhost', 'root', '', 'pabalu', 3306, '', 0)
#1 C:\xampp\htdocs\rendi\system\Database\BaseConnection.php(419): CodeIgniter\Database\MySQLi\Connection->connect(false)
#2 C:\xampp\htdocs\rendi\system\Database\BaseConnection.php(614): CodeIgniter\Database\BaseConnection->initialize()
#3 C:\xampp\htdocs\rendi\system\Database\BaseBuilder.php(1733): CodeIgniter\Database\BaseConnection->query('SELECT COUNT(*)...', Array, false)
#4 C:\xampp\htdocs\rendi\system\Model.php(675): CodeIgniter\Database\BaseBuilder->countAllResults(false)
#5 C:\xampp\htdocs\rendi\system\BaseModel.php(1277): CodeIgniter\Model->countAllResults(false)
#6 C:\xampp\htdocs\rendi\app\Controllers\Items.php(24): CodeIgniter\BaseModel->paginate(5, 'items')
#7 C:\xampp\htdocs\rendi\system\CodeIgniter.php(933): App\Controllers\Items->index()
#8 C:\xampp\htdocs\rendi\system\CodeIgniter.php(507): CodeIgniter\CodeIgniter->runController(Object(App\Controllers\Items))
#9 C:\xampp\htdocs\rendi\system\CodeIgniter.php(354): CodeIgniter\CodeIgniter->handleRequest(NULL, Object(Config\Cache), false)
#10 C:\xampp\htdocs\rendi\system\Boot.php(363): CodeIgniter\CodeIgniter->run()
#11 C:\xampp\htdocs\rendi\system\Boot.php(68): CodeIgniter\Boot::runCodeIgniter(Object(CodeIgniter\CodeIgniter))
#12 C:\xampp\htdocs\rendi\public\index.php(59): CodeIgniter\Boot::bootWeb(Object(Config\Paths))
#13 {main}

Next CodeIgniter\Database\Exceptions\DatabaseException: No connection could be made because the target machine actively refused it in C:\xampp\htdocs\rendi\system\Database\MySQLi\Connection.php:246
Stack trace:
#0 C:\xampp\htdocs\rendi\system\Database\BaseConnection.php(419): CodeIgniter\Database\MySQLi\Connection->connect(false)
#1 C:\xampp\htdocs\rendi\system\Database\BaseConnection.php(614): CodeIgniter\Database\BaseConnection->initialize()
#2 C:\xampp\htdocs\rendi\system\Database\BaseBuilder.php(1733): CodeIgniter\Database\BaseConnection->query('SELECT COUNT(*)...', Array, false)
#3 C:\xampp\htdocs\rendi\system\Model.php(675): CodeIgniter\Database\BaseBuilder->countAllResults(false)
#4 C:\xampp\htdocs\rendi\system\BaseModel.php(1277): CodeIgniter\Model->countAllResults(false)
#5 C:\xampp\htdocs\rendi\app\Controllers\Items.php(24): CodeIgniter\BaseModel->paginate(5, 'items')
#6 C:\xampp\htdocs\rendi\system\CodeIgniter.php(933): App\Controllers\Items->index()
#7 C:\xampp\htdocs\rendi\system\CodeIgniter.php(507): CodeIgniter\CodeIgniter->runController(Object(App\Controllers\Items))
#8 C:\xampp\htdocs\rendi\system\CodeIgniter.php(354): CodeIgniter\CodeIgniter->handleRequest(NULL, Object(Config\Cache), false)
#9 C:\xampp\htdocs\rendi\system\Boot.php(363): CodeIgniter\CodeIgniter->run()
#10 C:\xampp\htdocs\rendi\system\Boot.php(68): CodeIgniter\Boot::runCodeIgniter(Object(CodeIgniter\CodeIgniter))
#11 C:\xampp\htdocs\rendi\public\index.php(59): CodeIgniter\Boot::bootWeb(Object(Config\Paths))
#12 {main}
CRITICAL - 2026-01-04 01:11:56 --> CodeIgniter\Database\Exceptions\DatabaseException: Unable to connect to the database.
Main connection [MySQLi]: No connection could be made because the target machine actively refused it
[Method: GET, Route: items]
in SYSTEMPATH\Database\BaseConnection.php on line 465.
 1 SYSTEMPATH\Database\BaseConnection.php(614): CodeIgniter\Database\BaseConnection->initialize()
 2 SYSTEMPATH\Database\BaseBuilder.php(1733): CodeIgniter\Database\BaseConnection->query('SELECT COUNT(*) AS `numrows`
FROM `items`', [], false)
 3 SYSTEMPATH\Model.php(675): CodeIgniter\Database\BaseBuilder->countAllResults(false)
 4 SYSTEMPATH\BaseModel.php(1277): CodeIgniter\Model->countAllResults(false)
 5 APPPATH\Controllers\Items.php(24): CodeIgniter\BaseModel->paginate(5, 'items')
 6 SYSTEMPATH\CodeIgniter.php(933): App\Controllers\Items->index()
 7 SYSTEMPATH\CodeIgniter.php(507): CodeIgniter\CodeIgniter->runController(Object(App\Controllers\Items))
 8 SYSTEMPATH\CodeIgniter.php(354): CodeIgniter\CodeIgniter->handleRequest(null, Object(Config\Cache), false)
 9 SYSTEMPATH\Boot.php(363): CodeIgniter\CodeIgniter->run()
10 SYSTEMPATH\Boot.php(68): CodeIgniter\Boot::runCodeIgniter(Object(CodeIgniter\CodeIgniter))
11 FCPATH\index.php(59): CodeIgniter\Boot::bootWeb(Object(Config\Paths))
DEBUG - 2026-01-04 01:11:56 --> Session: Class initialized using 'CodeIgniter\Session\Handlers\FileHandler' driver.
ERROR - 2026-01-04 01:12:00 --> Error connecting to the database: mysqli_sql_exception: No connection could be made because the target machine actively refused it in C:\xampp\htdocs\rendi\system\Database\MySQLi\Connection.php:202
Stack trace:
#0 C:\xampp\htdocs\rendi\system\Database\MySQLi\Connection.php(202): mysqli->real_connect('localhost', 'root', '', 'pabalu', 3306, '', 0)
#1 C:\xampp\htdocs\rendi\system\Database\BaseConnection.php(419): CodeIgniter\Database\MySQLi\Connection->connect(false)
#2 C:\xampp\htdocs\rendi\system\Database\BaseConnection.php(614): CodeIgniter\Database\BaseConnection->initialize()
#3 C:\xampp\htdocs\rendi\system\Database\BaseBuilder.php(2848): CodeIgniter\Database\BaseConnection->query('DELETE FROM `it...', Array, false)
#4 C:\xampp\htdocs\rendi\system\Model.php(521): CodeIgniter\Database\BaseBuilder->delete()
#5 C:\xampp\htdocs\rendi\system\BaseModel.php(1152): CodeIgniter\Model->doDelete(NULL, false)
#6 C:\xampp\htdocs\rendi\app\Controllers\Items.php(98): CodeIgniter\BaseModel->delete()
#7 C:\xampp\htdocs\rendi\system\CodeIgniter.php(933): App\Controllers\Items->delete('4')
#8 C:\xampp\htdocs\rendi\system\CodeIgniter.php(507): CodeIgniter\CodeIgniter->runController(Object(App\Controllers\Items))
#9 C:\xampp\htdocs\rendi\system\CodeIgniter.php(354): CodeIgniter\CodeIgniter->handleRequest(NULL, Object(Config\Cache), false)
#10 C:\xampp\htdocs\rendi\system\Boot.php(363): CodeIgniter\CodeIgniter->run()
#11 C:\xampp\htdocs\rendi\system\Boot.php(68): CodeIgniter\Boot::runCodeIgniter(Object(CodeIgniter\CodeIgniter))
#12 C:\xampp\htdocs\rendi\public\index.php(59): CodeIgniter\Boot::bootWeb(Object(Config\Paths))
#13 {main}

Next CodeIgniter\Database\Exceptions\DatabaseException: No connection could be made because the target machine actively refused it in C:\xampp\htdocs\rendi\system\Database\MySQLi\Connection.php:246
Stack trace:
#0 C:\xampp\htdocs\rendi\system\Database\BaseConnection.php(419): CodeIgniter\Database\MySQLi\Connection->connect(false)
#1 C:\xampp\htdocs\rendi\system\Database\BaseConnection.php(614): CodeIgniter\Database\BaseConnection->initialize()
#2 C:\xampp\htdocs\rendi\system\Database\BaseBuilder.php(2848): CodeIgniter\Database\BaseConnection->query('DELETE FROM `it...', Array, false)
#3 C:\xampp\htdocs\rendi\system\Model.php(521): CodeIgniter\Database\BaseBuilder->delete()
#4 C:\xampp\htdocs\rendi\system\BaseModel.php(1152): CodeIgniter\Model->doDelete(NULL, false)
#5 C:\xampp\htdocs\rendi\app\Controllers\Items.php(98): CodeIgniter\BaseModel->delete()
#6 C:\xampp\htdocs\rendi\system\CodeIgniter.php(933): App\Controllers\Items->delete('4')
#7 C:\xampp\htdocs\rendi\system\CodeIgniter.php(507): CodeIgniter\CodeIgniter->runController(Object(App\Controllers\Items))
#8 C:\xampp\htdocs\rendi\system\CodeIgniter.php(354): CodeIgniter\CodeIgniter->handleRequest(NULL, Object(Config\Cache), false)
#9 C:\xampp\htdocs\rendi\system\Boot.php(363): CodeIgniter\CodeIgniter->run()
#10 C:\xampp\htdocs\rendi\system\Boot.php(68): CodeIgniter\Boot::runCodeIgniter(Object(CodeIgniter\CodeIgniter))
#11 C:\xampp\htdocs\rendi\public\index.php(59): CodeIgniter\Boot::bootWeb(Object(Config\Paths))
#12 {main}
CRITICAL - 2026-01-04 01:12:00 --> CodeIgniter\Database\Exceptions\DatabaseException: Unable to connect to the database.
Main connection [MySQLi]: No connection could be made because the target machine actively refused it
[Method: GET, Route: items/delete/4]
in SYSTEMPATH\Database\BaseConnection.php on line 465.
 1 SYSTEMPATH\Database\BaseConnection.php(614): CodeIgniter\Database\BaseConnection->initialize()
 2 SYSTEMPATH\Database\BaseBuilder.php(2848): CodeIgniter\Database\BaseConnection->query('DELETE FROM `items`
WHERE `item_id` = :item_id:', [...], false)
 3 SYSTEMPATH\Model.php(521): CodeIgniter\Database\BaseBuilder->delete()
 4 SYSTEMPATH\BaseModel.php(1152): CodeIgniter\Model->doDelete(null, false)
 5 APPPATH\Controllers\Items.php(98): CodeIgniter\BaseModel->delete()
 6 SYSTEMPATH\CodeIgniter.php(933): App\Controllers\Items->delete('4')
 7 SYSTEMPATH\CodeIgniter.php(507): CodeIgniter\CodeIgniter->runController(Object(App\Controllers\Items))
 8 SYSTEMPATH\CodeIgniter.php(354): CodeIgniter\CodeIgniter->handleRequest(null, Object(Config\Cache), false)
 9 SYSTEMPATH\Boot.php(363): CodeIgniter\CodeIgniter->run()
10 SYSTEMPATH\Boot.php(68): CodeIgniter\Boot::runCodeIgniter(Object(CodeIgniter\CodeIgniter))
11 FCPATH\index.php(59): CodeIgniter\Boot::bootWeb(Object(Config\Paths))
DEBUG - 2026-01-04 01:12:00 --> Session: Class initialized using 'CodeIgniter\Session\Handlers\FileHandler' driver.
ERROR - 2026-01-04 01:12:04 --> Error connecting to the database: mysqli_sql_exception: No connection could be made because the target machine actively refused it in C:\xampp\htdocs\rendi\system\Database\MySQLi\Connection.php:202
Stack trace:
#0 C:\xampp\htdocs\rendi\system\Database\MySQLi\Connection.php(202): mysqli->real_connect('localhost', 'root', '', 'pabalu', 3306, '', 0)
#1 C:\xampp\htdocs\rendi\system\Database\BaseConnection.php(419): CodeIgniter\Database\MySQLi\Connection->connect(false)
#2 C:\xampp\htdocs\rendi\system\Database\BaseConnection.php(614): CodeIgniter\Database\BaseConnection->initialize()
#3 C:\xampp\htdocs\rendi\system\Database\BaseBuilder.php(2848): CodeIgniter\Database\BaseConnection->query('DELETE FROM `it...', Array, false)
#4 C:\xampp\htdocs\rendi\system\Model.php(521): CodeIgniter\Database\BaseBuilder->delete()
#5 C:\xampp\htdocs\rendi\system\BaseModel.php(1152): CodeIgniter\Model->doDelete(NULL, false)
#6 C:\xampp\htdocs\rendi\app\Controllers\Items.php(98): CodeIgniter\BaseModel->delete()
#7 C:\xampp\htdocs\rendi\system\CodeIgniter.php(933): App\Controllers\Items->delete('4')
#8 C:\xampp\htdocs\rendi\system\CodeIgniter.php(507): CodeIgniter\CodeIgniter->runController(Object(App\Controllers\Items))
#9 C:\xampp\htdocs\rendi\system\CodeIgniter.php(354): CodeIgniter\CodeIgniter->handleRequest(NULL, Object(Config\Cache), false)
#10 C:\xampp\htdocs\rendi\system\Boot.php(363): CodeIgniter\CodeIgniter->run()
#11 C:\xampp\htdocs\rendi\system\Boot.php(68): CodeIgniter\Boot::runCodeIgniter(Object(CodeIgniter\CodeIgniter))
#12 C:\xampp\htdocs\rendi\public\index.php(59): CodeIgniter\Boot::bootWeb(Object(Config\Paths))
#13 {main}

Next CodeIgniter\Database\Exceptions\DatabaseException: No connection could be made because the target machine actively refused it in C:\xampp\htdocs\rendi\system\Database\MySQLi\Connection.php:246
Stack trace:
#0 C:\xampp\htdocs\rendi\system\Database\BaseConnection.php(419): CodeIgniter\Database\MySQLi\Connection->connect(false)
#1 C:\xampp\htdocs\rendi\system\Database\BaseConnection.php(614): CodeIgniter\Database\BaseConnection->initialize()
#2 C:\xampp\htdocs\rendi\system\Database\BaseBuilder.php(2848): CodeIgniter\Database\BaseConnection->query('DELETE FROM `it...', Array, false)
#3 C:\xampp\htdocs\rendi\system\Model.php(521): CodeIgniter\Database\BaseBuilder->delete()
#4 C:\xampp\htdocs\rendi\system\BaseModel.php(1152): CodeIgniter\Model->doDelete(NULL, false)
#5 C:\xampp\htdocs\rendi\app\Controllers\Items.php(98): CodeIgniter\BaseModel->delete()
#6 C:\xampp\htdocs\rendi\system\CodeIgniter.php(933): App\Controllers\Items->delete('4')
#7 C:\xampp\htdocs\rendi\system\CodeIgniter.php(507): CodeIgniter\CodeIgniter->runController(Object(App\Controllers\Items))
#8 C:\xampp\htdocs\rendi\system\CodeIgniter.php(354): CodeIgniter\CodeIgniter->handleRequest(NULL, Object(Config\Cache), false)
#9 C:\xampp\htdocs\rendi\system\Boot.php(363): CodeIgniter\CodeIgniter->run()
#10 C:\xampp\htdocs\rendi\system\Boot.php(68): CodeIgniter\Boot::runCodeIgniter(Object(CodeIgniter\CodeIgniter))
#11 C:\xampp\htdocs\rendi\public\index.php(59): CodeIgniter\Boot::bootWeb(Object(Config\Paths))
#12 {main}
CRITICAL - 2026-01-04 01:12:04 --> CodeIgniter\Database\Exceptions\DatabaseException: Unable to connect to the database.
Main connection [MySQLi]: No connection could be made because the target machine actively refused it
[Method: GET, Route: items/delete/4]
in SYSTEMPATH\Database\BaseConnection.php on line 465.
 1 SYSTEMPATH\Database\BaseConnection.php(614): CodeIgniter\Database\BaseConnection->initialize()
 2 SYSTEMPATH\Database\BaseBuilder.php(2848): CodeIgniter\Database\BaseConnection->query('DELETE FROM `items`
WHERE `item_id` = :item_id:', [...], false)
 3 SYSTEMPATH\Model.php(521): CodeIgniter\Database\BaseBuilder->delete()
 4 SYSTEMPATH\BaseModel.php(1152): CodeIgniter\Model->doDelete(null, false)
 5 APPPATH\Controllers\Items.php(98): CodeIgniter\BaseModel->delete()
 6 SYSTEMPATH\CodeIgniter.php(933): App\Controllers\Items->delete('4')
 7 SYSTEMPATH\CodeIgniter.php(507): CodeIgniter\CodeIgniter->runController(Object(App\Controllers\Items))
 8 SYSTEMPATH\CodeIgniter.php(354): CodeIgniter\CodeIgniter->handleRequest(null, Object(Config\Cache), false)
 9 SYSTEMPATH\Boot.php(363): CodeIgniter\CodeIgniter->run()
10 SYSTEMPATH\Boot.php(68): CodeIgniter\Boot::runCodeIgniter(Object(CodeIgniter\CodeIgniter))
11 FCPATH\index.php(59): CodeIgniter\Boot::bootWeb(Object(Config\Paths))
DEBUG - 2026-01-04 01:12:10 --> Session: Class initialized using 'CodeIgniter\Session\Handlers\FileHandler' driver.
ERROR - 2026-01-04 01:12:14 --> Error connecting to the database: mysqli_sql_exception: No connection could be made because the target machine actively refused it in C:\xampp\htdocs\rendi\system\Database\MySQLi\Connection.php:202
Stack trace:
#0 C:\xampp\htdocs\rendi\system\Database\MySQLi\Connection.php(202): mysqli->real_connect('localhost', 'root', '', 'pabalu', 3306, '', 0)
#1 C:\xampp\htdocs\rendi\system\Database\BaseConnection.php(419): CodeIgniter\Database\MySQLi\Connection->connect(false)
#2 C:\xampp\htdocs\rendi\system\Database\BaseConnection.php(614): CodeIgniter\Database\BaseConnection->initialize()
#3 C:\xampp\htdocs\rendi\system\Database\BaseBuilder.php(1733): CodeIgniter\Database\BaseConnection->query('SELECT COUNT(*)...', Array, false)
#4 C:\xampp\htdocs\rendi\system\Model.php(675): CodeIgniter\Database\BaseBuilder->countAllResults(false)
#5 C:\xampp\htdocs\rendi\system\BaseModel.php(1277): CodeIgniter\Model->countAllResults(false)
#6 C:\xampp\htdocs\rendi\app\Controllers\Items.php(24): CodeIgniter\BaseModel->paginate(5, 'items')
#7 C:\xampp\htdocs\rendi\system\CodeIgniter.php(933): App\Controllers\Items->index()
#8 C:\xampp\htdocs\rendi\system\CodeIgniter.php(507): CodeIgniter\CodeIgniter->runController(Object(App\Controllers\Items))
#9 C:\xampp\htdocs\rendi\system\CodeIgniter.php(354): CodeIgniter\CodeIgniter->handleRequest(NULL, Object(Config\Cache), false)
#10 C:\xampp\htdocs\rendi\system\Boot.php(363): CodeIgniter\CodeIgniter->run()
#11 C:\xampp\htdocs\rendi\system\Boot.php(68): CodeIgniter\Boot::runCodeIgniter(Object(CodeIgniter\CodeIgniter))
#12 C:\xampp\htdocs\rendi\public\index.php(59): CodeIgniter\Boot::bootWeb(Object(Config\Paths))
#13 {main}

Next CodeIgniter\Database\Exceptions\DatabaseException: No connection could be made because the target machine actively refused it in C:\xampp\htdocs\rendi\system\Database\MySQLi\Connection.php:246
Stack trace:
#0 C:\xampp\htdocs\rendi\system\Database\BaseConnection.php(419): CodeIgniter\Database\MySQLi\Connection->connect(false)
#1 C:\xampp\htdocs\rendi\system\Database\BaseConnection.php(614): CodeIgniter\Database\BaseConnection->initialize()
#2 C:\xampp\htdocs\rendi\system\Database\BaseBuilder.php(1733): CodeIgniter\Database\BaseConnection->query('SELECT COUNT(*)...', Array, false)
#3 C:\xampp\htdocs\rendi\system\Model.php(675): CodeIgniter\Database\BaseBuilder->countAllResults(false)
#4 C:\xampp\htdocs\rendi\system\BaseModel.php(1277): CodeIgniter\Model->countAllResults(false)
#5 C:\xampp\htdocs\rendi\app\Controllers\Items.php(24): CodeIgniter\BaseModel->paginate(5, 'items')
#6 C:\xampp\htdocs\rendi\system\CodeIgniter.php(933): App\Controllers\Items->index()
#7 C:\xampp\htdocs\rendi\system\CodeIgniter.php(507): CodeIgniter\CodeIgniter->runController(Object(App\Controllers\Items))
#8 C:\xampp\htdocs\rendi\system\CodeIgniter.php(354): CodeIgniter\CodeIgniter->handleRequest(NULL, Object(Config\Cache), false)
#9 C:\xampp\htdocs\rendi\system\Boot.php(363): CodeIgniter\CodeIgniter->run()
#10 C:\xampp\htdocs\rendi\system\Boot.php(68): CodeIgniter\Boot::runCodeIgniter(Object(CodeIgniter\CodeIgniter))
#11 C:\xampp\htdocs\rendi\public\index.php(59): CodeIgniter\Boot::bootWeb(Object(Config\Paths))
#12 {main}
CRITICAL - 2026-01-04 01:12:14 --> CodeIgniter\Database\Exceptions\DatabaseException: Unable to connect to the database.
Main connection [MySQLi]: No connection could be made because the target machine actively refused it
[Method: GET, Route: items]
in SYSTEMPATH\Database\BaseConnection.php on line 465.
 1 SYSTEMPATH\Database\BaseConnection.php(614): CodeIgniter\Database\BaseConnection->initialize()
 2 SYSTEMPATH\Database\BaseBuilder.php(1733): CodeIgniter\Database\BaseConnection->query('SELECT COUNT(*) AS `numrows`
FROM `items`', [], false)
 3 SYSTEMPATH\Model.php(675): CodeIgniter\Database\BaseBuilder->countAllResults(false)
 4 SYSTEMPATH\BaseModel.php(1277): CodeIgniter\Model->countAllResults(false)
 5 APPPATH\Controllers\Items.php(24): CodeIgniter\BaseModel->paginate(5, 'items')
 6 SYSTEMPATH\CodeIgniter.php(933): App\Controllers\Items->index()
 7 SYSTEMPATH\CodeIgniter.php(507): CodeIgniter\CodeIgniter->runController(Object(App\Controllers\Items))
 8 SYSTEMPATH\CodeIgniter.php(354): CodeIgniter\CodeIgniter->handleRequest(null, Object(Config\Cache), false)
 9 SYSTEMPATH\Boot.php(363): CodeIgniter\CodeIgniter->run()
10 SYSTEMPATH\Boot.php(68): CodeIgniter\Boot::runCodeIgniter(Object(CodeIgniter\CodeIgniter))
11 FCPATH\index.php(59): CodeIgniter\Boot::bootWeb(Object(Config\Paths))
DEBUG - 2026-01-04 01:12:15 --> Session: Class initialized using 'CodeIgniter\Session\Handlers\FileHandler' driver.
DEBUG - 2026-01-04 01:12:17 --> Session: Class initialized using 'CodeIgniter\Session\Handlers\FileHandler' driver.
ERROR - 2026-01-04 01:12:21 --> Error connecting to the database: mysqli_sql_exception: No connection could be made because the target machine actively refused it in C:\xampp\htdocs\rendi\system\Database\MySQLi\Connection.php:202
Stack trace:
#0 C:\xampp\htdocs\rendi\system\Database\MySQLi\Connection.php(202): mysqli->real_connect('localhost', 'root', '', 'pabalu', 3306, '', 0)
#1 C:\xampp\htdocs\rendi\system\Database\BaseConnection.php(419): CodeIgniter\Database\MySQLi\Connection->connect(false)
#2 C:\xampp\htdocs\rendi\system\Database\BaseConnection.php(614): CodeIgniter\Database\BaseConnection->initialize()
#3 C:\xampp\htdocs\rendi\system\Database\BaseBuilder.php(1733): CodeIgniter\Database\BaseConnection->query('SELECT COUNT(*)...', Array, false)
#4 C:\xampp\htdocs\rendi\system\Model.php(675): CodeIgniter\Database\BaseBuilder->countAllResults(false)
#5 C:\xampp\htdocs\rendi\system\BaseModel.php(1277): CodeIgniter\Model->countAllResults(false)
#6 C:\xampp\htdocs\rendi\app\Controllers\Items.php(24): CodeIgniter\BaseModel->paginate(5, 'items')
#7 C:\xampp\htdocs\rendi\system\CodeIgniter.php(933): App\Controllers\Items->index()
#8 C:\xampp\htdocs\rendi\system\CodeIgniter.php(507): CodeIgniter\CodeIgniter->runController(Object(App\Controllers\Items))
#9 C:\xampp\htdocs\rendi\system\CodeIgniter.php(354): CodeIgniter\CodeIgniter->handleRequest(NULL, Object(Config\Cache), false)
#10 C:\xampp\htdocs\rendi\system\Boot.php(363): CodeIgniter\CodeIgniter->run()
#11 C:\xampp\htdocs\rendi\system\Boot.php(68): CodeIgniter\Boot::runCodeIgniter(Object(CodeIgniter\CodeIgniter))
#12 C:\xampp\htdocs\rendi\public\index.php(59): CodeIgniter\Boot::bootWeb(Object(Config\Paths))
#13 {main}

Next CodeIgniter\Database\Exceptions\DatabaseException: No connection could be made because the target machine actively refused it in C:\xampp\htdocs\rendi\system\Database\MySQLi\Connection.php:246
Stack trace:
#0 C:\xampp\htdocs\rendi\system\Database\BaseConnection.php(419): CodeIgniter\Database\MySQLi\Connection->connect(false)
#1 C:\xampp\htdocs\rendi\system\Database\BaseConnection.php(614): CodeIgniter\Database\BaseConnection->initialize()
#2 C:\xampp\htdocs\rendi\system\Database\BaseBuilder.php(1733): CodeIgniter\Database\BaseConnection->query('SELECT COUNT(*)...', Array, false)
#3 C:\xampp\htdocs\rendi\system\Model.php(675): CodeIgniter\Database\BaseBuilder->countAllResults(false)
#4 C:\xampp\htdocs\rendi\system\BaseModel.php(1277): CodeIgniter\Model->countAllResults(false)
#5 C:\xampp\htdocs\rendi\app\Controllers\Items.php(24): CodeIgniter\BaseModel->paginate(5, 'items')
#6 C:\xampp\htdocs\rendi\system\CodeIgniter.php(933): App\Controllers\Items->index()
#7 C:\xampp\htdocs\rendi\system\CodeIgniter.php(507): CodeIgniter\CodeIgniter->runController(Object(App\Controllers\Items))
#8 C:\xampp\htdocs\rendi\system\CodeIgniter.php(354): CodeIgniter\CodeIgniter->handleRequest(NULL, Object(Config\Cache), false)
#9 C:\xampp\htdocs\rendi\system\Boot.php(363): CodeIgniter\CodeIgniter->run()
#10 C:\xampp\htdocs\rendi\system\Boot.php(68): CodeIgniter\Boot::runCodeIgniter(Object(CodeIgniter\CodeIgniter))
#11 C:\xampp\htdocs\rendi\public\index.php(59): CodeIgniter\Boot::bootWeb(Object(Config\Paths))
#12 {main}
CRITICAL - 2026-01-04 01:12:21 --> CodeIgniter\Database\Exceptions\DatabaseException: Unable to connect to the database.
Main connection [MySQLi]: No connection could be made because the target machine actively refused it
[Method: GET, Route: items]
in SYSTEMPATH\Database\BaseConnection.php on line 465.
 1 SYSTEMPATH\Database\BaseConnection.php(614): CodeIgniter\Database\BaseConnection->initialize()
 2 SYSTEMPATH\Database\BaseBuilder.php(1733): CodeIgniter\Database\BaseConnection->query('SELECT COUNT(*) AS `numrows`
FROM `items`', [], false)
 3 SYSTEMPATH\Model.php(675): CodeIgniter\Database\BaseBuilder->countAllResults(false)
 4 SYSTEMPATH\BaseModel.php(1277): CodeIgniter\Model->countAllResults(false)
 5 APPPATH\Controllers\Items.php(24): CodeIgniter\BaseModel->paginate(5, 'items')
 6 SYSTEMPATH\CodeIgniter.php(933): App\Controllers\Items->index()
 7 SYSTEMPATH\CodeIgniter.php(507): CodeIgniter\CodeIgniter->runController(Object(App\Controllers\Items))
 8 SYSTEMPATH\CodeIgniter.php(354): CodeIgniter\CodeIgniter->handleRequest(null, Object(Config\Cache), false)
 9 SYSTEMPATH\Boot.php(363): CodeIgniter\CodeIgniter->run()
10 SYSTEMPATH\Boot.php(68): CodeIgniter\Boot::runCodeIgniter(Object(CodeIgniter\CodeIgniter))
11 FCPATH\index.php(59): CodeIgniter\Boot::bootWeb(Object(Config\Paths))
DEBUG - 2026-01-04 01:12:27 --> Session: Class initialized using 'CodeIgniter\Session\Handlers\FileHandler' driver.
DEBUG - 2026-01-04 01:13:36 --> Session: Class initialized using 'CodeIgniter\Session\Handlers\FileHandler' driver.
DEBUG - 2026-01-04 01:13:41 --> Session: Class initialized using 'CodeIgniter\Session\Handlers\FileHandler' driver.
DEBUG - 2026-01-04 01:14:03 --> Session: Class initialized using 'CodeIgniter\Session\Handlers\FileHandler' driver.
DEBUG - 2026-01-04 01:16:16 --> Session: Class initialized using 'CodeIgniter\Session\Handlers\FileHandler' driver.
DEBUG - 2026-01-04 01:16:25 --> Session: Class initialized using 'CodeIgniter\Session\Handlers\FileHandler' driver.
DEBUG - 2026-01-04 01:16:25 --> Session: Class initialized using 'CodeIgniter\Session\Handlers\FileHandler' driver.
DEBUG - 2026-01-04 01:16:30 --> Session: Class initialized using 'CodeIgniter\Session\Handlers\FileHandler' driver.
DEBUG - 2026-01-04 01:16:33 --> Session: Class initialized using 'CodeIgniter\Session\Handlers\FileHandler' driver.
DEBUG - 2026-01-04 01:16:47 --> Session: Class initialized using 'CodeIgniter\Session\Handlers\FileHandler' driver.
CRITICAL - 2026-01-04 01:43:59 --> ErrorException: Maximum execution time of 120 seconds exceeded
[Method: POST, Route: items/save]
in SYSTEMPATH\Database\MySQLi\Connection.php on line 328.
 1 [internal function]: CodeIgniter\Debug\Exceptions->shutdownHandler()
CRITICAL - 2026-01-04 01:43:59 --> ErrorException: Maximum execution time of 120 seconds exceeded
[Method: POST, Route: items/save]
in SYSTEMPATH\Database\MySQLi\Connection.php on line 328.
 1 [internal function]: CodeIgniter\Debug\Exceptions->shutdownHandler()
CRITICAL - 2026-01-04 01:43:59 --> ErrorException: Maximum execution time of 120 seconds exceeded
[Method: POST, Route: items/save]
in SYSTEMPATH\Session\Handlers\FileHandler.php on line 136.
 1 [internal function]: CodeIgniter\Debug\Exceptions->shutdownHandler()
CRITICAL - 2026-01-04 01:43:59 --> ErrorException: Maximum execution time of 120 seconds exceeded
[Method: GET, Route: items]
in SYSTEMPATH\Session\Handlers\FileHandler.php on line 136.
 1 [internal function]: CodeIgniter\Debug\Exceptions->shutdownHandler()
CRITICAL - 2026-01-04 01:43:59 --> ErrorException: Maximum execution time of 120 seconds exceeded
[Method: POST, Route: items/save]
in SYSTEMPATH\Session\Handlers\FileHandler.php on line 136.
 1 [internal function]: CodeIgniter\Debug\Exceptions->shutdownHandler()
CRITICAL - 2026-01-04 01:43:59 --> ErrorException: Maximum execution time of 120 seconds exceeded
[Method: GET, Route: dashboard]
in SYSTEMPATH\Session\Handlers\FileHandler.php on line 136.
 1 [internal function]: CodeIgniter\Debug\Exceptions->shutdownHandler()
CRITICAL - 2026-01-04 01:43:59 --> ErrorException: Maximum execution time of 120 seconds exceeded
[Method: GET, Route: dashboard]
in SYSTEMPATH\Session\Handlers\FileHandler.php on line 136.
 1 [internal function]: CodeIgniter\Debug\Exceptions->shutdownHandler()
DEBUG - 2026-01-04 01:44:04 --> Session: Class initialized using 'CodeIgniter\Session\Handlers\FileHandler' driver.
ERROR - 2026-01-04 01:44:08 --> Error connecting to the database: mysqli_sql_exception: No connection could be made because the target machine actively refused it in C:\xampp\htdocs\rendi\system\Database\MySQLi\Connection.php:202
Stack trace:
#0 C:\xampp\htdocs\rendi\system\Database\MySQLi\Connection.php(202): mysqli->real_connect('localhost', 'root', '', 'pabalu', 3306, '', 0)
#1 C:\xampp\htdocs\rendi\system\Database\BaseConnection.php(419): CodeIgniter\Database\MySQLi\Connection->connect(false)
#2 C:\xampp\htdocs\rendi\system\Database\BaseConnection.php(614): CodeIgniter\Database\BaseConnection->initialize()
#3 C:\xampp\htdocs\rendi\system\Database\BaseBuilder.php(1649): CodeIgniter\Database\BaseConnection->query('SELECT 1\nFROM `...', Array, false)
#4 C:\xampp\htdocs\rendi\system\Validation\Rules.php(175): CodeIgniter\Database\BaseBuilder->get()
#5 C:\xampp\htdocs\rendi\system\Validation\StrictRules\Rules.php(187): CodeIgniter\Validation\Rules->is_unique('kopi areb', 'items.item_name', Array)
#6 C:\xampp\htdocs\rendi\system\Validation\Validation.php(336): CodeIgniter\Validation\StrictRules\Rules->is_unique('kopi areb', 'items.item_name', Array, NULL, 'item_name')
#7 C:\xampp\htdocs\rendi\system\Validation\Validation.php(201): CodeIgniter\Validation\Validation->processRules('item_name', 'item_name', 'kopi areb', Array, Array, 'item_name')
#8 C:\xampp\htdocs\rendi\system\Controller.php(138): CodeIgniter\Validation\Validation->run()
#9 C:\xampp\htdocs\rendi\app\Controllers\Items.php(35): CodeIgniter\Controller->validate(Array)
#10 C:\xampp\htdocs\rendi\system\CodeIgniter.php(933): App\Controllers\Items->save()
#11 C:\xampp\htdocs\rendi\system\CodeIgniter.php(507): CodeIgniter\CodeIgniter->runController(Object(App\Controllers\Items))
#12 C:\xampp\htdocs\rendi\system\CodeIgniter.php(354): CodeIgniter\CodeIgniter->handleRequest(NULL, Object(Config\Cache), false)
#13 C:\xampp\htdocs\rendi\system\Boot.php(363): CodeIgniter\CodeIgniter->run()
#14 C:\xampp\htdocs\rendi\system\Boot.php(68): CodeIgniter\Boot::runCodeIgniter(Object(CodeIgniter\CodeIgniter))
#15 C:\xampp\htdocs\rendi\public\index.php(59): CodeIgniter\Boot::bootWeb(Object(Config\Paths))
#16 {main}

Next CodeIgniter\Database\Exceptions\DatabaseException: No connection could be made because the target machine actively refused it in C:\xampp\htdocs\rendi\system\Database\MySQLi\Connection.php:246
Stack trace:
#0 C:\xampp\htdocs\rendi\system\Database\BaseConnection.php(419): CodeIgniter\Database\MySQLi\Connection->connect(false)
#1 C:\xampp\htdocs\rendi\system\Database\BaseConnection.php(614): CodeIgniter\Database\BaseConnection->initialize()
#2 C:\xampp\htdocs\rendi\system\Database\BaseBuilder.php(1649): CodeIgniter\Database\BaseConnection->query('SELECT 1\nFROM `...', Array, false)
#3 C:\xampp\htdocs\rendi\system\Validation\Rules.php(175): CodeIgniter\Database\BaseBuilder->get()
#4 C:\xampp\htdocs\rendi\system\Validation\StrictRules\Rules.php(187): CodeIgniter\Validation\Rules->is_unique('kopi areb', 'items.item_name', Array)
#5 C:\xampp\htdocs\rendi\system\Validation\Validation.php(336): CodeIgniter\Validation\StrictRules\Rules->is_unique('kopi areb', 'items.item_name', Array, NULL, 'item_name')
#6 C:\xampp\htdocs\rendi\system\Validation\Validation.php(201): CodeIgniter\Validation\Validation->processRules('item_name', 'item_name', 'kopi areb', Array, Array, 'item_name')
#7 C:\xampp\htdocs\rendi\system\Controller.php(138): CodeIgniter\Validation\Validation->run()
#8 C:\xampp\htdocs\rendi\app\Controllers\Items.php(35): CodeIgniter\Controller->validate(Array)
#9 C:\xampp\htdocs\rendi\system\CodeIgniter.php(933): App\Controllers\Items->save()
#10 C:\xampp\htdocs\rendi\system\CodeIgniter.php(507): CodeIgniter\CodeIgniter->runController(Object(App\Controllers\Items))
#11 C:\xampp\htdocs\rendi\system\CodeIgniter.php(354): CodeIgniter\CodeIgniter->handleRequest(NULL, Object(Config\Cache), false)
#12 C:\xampp\htdocs\rendi\system\Boot.php(363): CodeIgniter\CodeIgniter->run()
#13 C:\xampp\htdocs\rendi\system\Boot.php(68): CodeIgniter\Boot::runCodeIgniter(Object(CodeIgniter\CodeIgniter))
#14 C:\xampp\htdocs\rendi\public\index.php(59): CodeIgniter\Boot::bootWeb(Object(Config\Paths))
#15 {main}
CRITICAL - 2026-01-04 01:44:08 --> CodeIgniter\Database\Exceptions\DatabaseException: Unable to connect to the database.
Main connection [MySQLi]: No connection could be made because the target machine actively refused it
[Method: POST, Route: items/save]
in SYSTEMPATH\Database\BaseConnection.php on line 465.
 1 SYSTEMPATH\Database\BaseConnection.php(614): CodeIgniter\Database\BaseConnection->initialize()
 2 SYSTEMPATH\Database\BaseBuilder.php(1649): CodeIgniter\Database\BaseConnection->query('SELECT 1
FROM `items`
WHERE `item_name` = :item_name:
 LIMIT 1', [...], false)
 3 SYSTEMPATH\Validation\Rules.php(175): CodeIgniter\Database\BaseBuilder->get()
 4 SYSTEMPATH\Validation\StrictRules\Rules.php(187): CodeIgniter\Validation\Rules->is_unique('kopi areb', 'items.item_name', [...])
 5 SYSTEMPATH\Validation\Validation.php(336): CodeIgniter\Validation\StrictRules\Rules->is_unique('kopi areb', 'items.item_name', [...], null, 'item_name')
 6 SYSTEMPATH\Validation\Validation.php(201): CodeIgniter\Validation\Validation->processRules('item_name', 'item_name', 'kopi areb', [...], [...], 'item_name')
 7 SYSTEMPATH\Controller.php(138): CodeIgniter\Validation\Validation->run()
 8 APPPATH\Controllers\Items.php(35): CodeIgniter\Controller->validate([...])
 9 SYSTEMPATH\CodeIgniter.php(933): App\Controllers\Items->save()
10 SYSTEMPATH\CodeIgniter.php(507): CodeIgniter\CodeIgniter->runController(Object(App\Controllers\Items))
11 SYSTEMPATH\CodeIgniter.php(354): CodeIgniter\CodeIgniter->handleRequest(null, Object(Config\Cache), false)
12 SYSTEMPATH\Boot.php(363): CodeIgniter\CodeIgniter->run()
13 SYSTEMPATH\Boot.php(68): CodeIgniter\Boot::runCodeIgniter(Object(CodeIgniter\CodeIgniter))
14 FCPATH\index.php(59): CodeIgniter\Boot::bootWeb(Object(Config\Paths))
DEBUG - 2026-01-04 01:45:15 --> Session: Class initialized using 'CodeIgniter\Session\Handlers\FileHandler' driver.
DEBUG - 2026-01-04 01:45:15 --> Session: Class initialized using 'CodeIgniter\Session\Handlers\FileHandler' driver.
CRITICAL - 2026-01-04 01:48:35 --> ErrorException: Undefined array key "customer_id"
[Method: GET, Route: order]
in APPPATH\Views\orders\form_order.php on line 15.
 1 APPPATH\Views\orders\form_order.php(15): CodeIgniter\Debug\Exceptions->errorHandler(2, 'Undefined array key "customer_id"', 'C:\\xampp\\htdocs\\rendi\\app\\Views\\orders\\form_order.php', 15)
 2 SYSTEMPATH\View\View.php(226): include('C:\\xampp\\htdocs\\rendi\\app\\Views\\orders\\form_order.php')
 3 SYSTEMPATH\View\View.php(229): CodeIgniter\View\View->CodeIgniter\View\{closure}()
 4 SYSTEMPATH\Common.php(1167): CodeIgniter\View\View->render('orders/form_order', [], true)
 5 APPPATH\Controllers\Order.php(23): view('orders/form_order', [...])
 6 SYSTEMPATH\CodeIgniter.php(933): App\Controllers\Order->create()
 7 SYSTEMPATH\CodeIgniter.php(507): CodeIgniter\CodeIgniter->runController(Object(App\Controllers\Order))
 8 SYSTEMPATH\CodeIgniter.php(354): CodeIgniter\CodeIgniter->handleRequest(null, Object(Config\Cache), false)
 9 SYSTEMPATH\Boot.php(363): CodeIgniter\CodeIgniter->run()
10 SYSTEMPATH\Boot.php(68): CodeIgniter\Boot::runCodeIgniter(Object(CodeIgniter\CodeIgniter))
11 FCPATH\index.php(59): CodeIgniter\Boot::bootWeb(Object(Config\Paths))
CRITICAL - 2026-01-04 01:48:45 --> ErrorException: Undefined array key "customer_id"
[Method: GET, Route: order]
in APPPATH\Views\orders\form_order.php on line 15.
 1 APPPATH\Views\orders\form_order.php(15): CodeIgniter\Debug\Exceptions->errorHandler(2, 'Undefined array key "customer_id"', 'C:\\xampp\\htdocs\\rendi\\app\\Views\\orders\\form_order.php', 15)
 2 SYSTEMPATH\View\View.php(226): include('C:\\xampp\\htdocs\\rendi\\app\\Views\\orders\\form_order.php')
 3 SYSTEMPATH\View\View.php(229): CodeIgniter\View\View->CodeIgniter\View\{closure}()
 4 SYSTEMPATH\Common.php(1167): CodeIgniter\View\View->render('orders/form_order', [], true)
 5 APPPATH\Controllers\Order.php(23): view('orders/form_order', [...])
 6 SYSTEMPATH\CodeIgniter.php(933): App\Controllers\Order->create()
 7 SYSTEMPATH\CodeIgniter.php(507): CodeIgniter\CodeIgniter->runController(Object(App\Controllers\Order))
 8 SYSTEMPATH\CodeIgniter.php(354): CodeIgniter\CodeIgniter->handleRequest(null, Object(Config\Cache), false)
 9 SYSTEMPATH\Boot.php(363): CodeIgniter\CodeIgniter->run()
10 SYSTEMPATH\Boot.php(68): CodeIgniter\Boot::runCodeIgniter(Object(CodeIgniter\CodeIgniter))
11 FCPATH\index.php(59): CodeIgniter\Boot::bootWeb(Object(Config\Paths))
CRITICAL - 2026-01-04 01:50:38 --> ErrorException: Undefined array key "customer_id"
[Method: GET, Route: order]
in APPPATH\Views\orders\form_order.php on line 15.
 1 APPPATH\Views\orders\form_order.php(15): CodeIgniter\Debug\Exceptions->errorHandler(2, 'Undefined array key "customer_id"', 'C:\\xampp\\htdocs\\rendi\\app\\Views\\orders\\form_order.php', 15)
 2 SYSTEMPATH\View\View.php(226): include('C:\\xampp\\htdocs\\rendi\\app\\Views\\orders\\form_order.php')
 3 SYSTEMPATH\View\View.php(229): CodeIgniter\View\View->CodeIgniter\View\{closure}()
 4 SYSTEMPATH\Common.php(1167): CodeIgniter\View\View->render('orders/form_order', [], true)
 5 APPPATH\Controllers\Order.php(23): view('orders/form_order', [...])
 6 SYSTEMPATH\CodeIgniter.php(933): App\Controllers\Order->create()
 7 SYSTEMPATH\CodeIgniter.php(507): CodeIgniter\CodeIgniter->runController(Object(App\Controllers\Order))
 8 SYSTEMPATH\CodeIgniter.php(354): CodeIgniter\CodeIgniter->handleRequest(null, Object(Config\Cache), false)
 9 SYSTEMPATH\Boot.php(363): CodeIgniter\CodeIgniter->run()
10 SYSTEMPATH\Boot.php(68): CodeIgniter\Boot::runCodeIgniter(Object(CodeIgniter\CodeIgniter))
11 FCPATH\index.php(59): CodeIgniter\Boot::bootWeb(Object(Config\Paths))
CRITICAL - 2026-01-04 01:50:48 --> ErrorException: Undefined array key "customer_id"
[Method: GET, Route: order]
in APPPATH\Views\orders\form_order.php on line 15.
 1 APPPATH\Views\orders\form_order.php(15): CodeIgniter\Debug\Exceptions->errorHandler(2, 'Undefined array key "customer_id"', 'C:\\xampp\\htdocs\\rendi\\app\\Views\\orders\\form_order.php', 15)
 2 SYSTEMPATH\View\View.php(226): include('C:\\xampp\\htdocs\\rendi\\app\\Views\\orders\\form_order.php')
 3 SYSTEMPATH\View\View.php(229): CodeIgniter\View\View->CodeIgniter\View\{closure}()
 4 SYSTEMPATH\Common.php(1167): CodeIgniter\View\View->render('orders/form_order', [], true)
 5 APPPATH\Controllers\Order.php(23): view('orders/form_order', [...])
 6 SYSTEMPATH\CodeIgniter.php(933): App\Controllers\Order->create()
 7 SYSTEMPATH\CodeIgniter.php(507): CodeIgniter\CodeIgniter->runController(Object(App\Controllers\Order))
 8 SYSTEMPATH\CodeIgniter.php(354): CodeIgniter\CodeIgniter->handleRequest(null, Object(Config\Cache), false)
 9 SYSTEMPATH\Boot.php(363): CodeIgniter\CodeIgniter->run()
10 SYSTEMPATH\Boot.php(68): CodeIgniter\Boot::runCodeIgniter(Object(CodeIgniter\CodeIgniter))
11 FCPATH\index.php(59): CodeIgniter\Boot::bootWeb(Object(Config\Paths))
CRITICAL - 2026-01-04 01:50:49 --> ErrorException: Undefined array key "customer_id"
[Method: GET, Route: order]
in APPPATH\Views\orders\form_order.php on line 15.
 1 APPPATH\Views\orders\form_order.php(15): CodeIgniter\Debug\Exceptions->errorHandler(2, 'Undefined array key "customer_id"', 'C:\\xampp\\htdocs\\rendi\\app\\Views\\orders\\form_order.php', 15)
 2 SYSTEMPATH\View\View.php(226): include('C:\\xampp\\htdocs\\rendi\\app\\Views\\orders\\form_order.php')
 3 SYSTEMPATH\View\View.php(229): CodeIgniter\View\View->CodeIgniter\View\{closure}()
 4 SYSTEMPATH\Common.php(1167): CodeIgniter\View\View->render('orders/form_order', [], true)
 5 APPPATH\Controllers\Order.php(23): view('orders/form_order', [...])
 6 SYSTEMPATH\CodeIgniter.php(933): App\Controllers\Order->create()
 7 SYSTEMPATH\CodeIgniter.php(507): CodeIgniter\CodeIgniter->runController(Object(App\Controllers\Order))
 8 SYSTEMPATH\CodeIgniter.php(354): CodeIgniter\CodeIgniter->handleRequest(null, Object(Config\Cache), false)
 9 SYSTEMPATH\Boot.php(363): CodeIgniter\CodeIgniter->run()
10 SYSTEMPATH\Boot.php(68): CodeIgniter\Boot::runCodeIgniter(Object(CodeIgniter\CodeIgniter))
11 FCPATH\index.php(59): CodeIgniter\Boot::bootWeb(Object(Config\Paths))
CRITICAL - 2026-01-04 01:51:48 --> ErrorException: Undefined array key "customer_id"
[Method: GET, Route: order]
in APPPATH\Views\orders\form_order.php on line 15.
 1 APPPATH\Views\orders\form_order.php(15): CodeIgniter\Debug\Exceptions->errorHandler(2, 'Undefined array key "customer_id"', 'C:\\xampp\\htdocs\\rendi\\app\\Views\\orders\\form_order.php', 15)
 2 SYSTEMPATH\View\View.php(226): include('C:\\xampp\\htdocs\\rendi\\app\\Views\\orders\\form_order.php')
 3 SYSTEMPATH\View\View.php(229): CodeIgniter\View\View->CodeIgniter\View\{closure}()
 4 SYSTEMPATH\Common.php(1167): CodeIgniter\View\View->render('orders/form_order', [], true)
 5 APPPATH\Controllers\Order.php(23): view('orders/form_order', [...])
 6 SYSTEMPATH\CodeIgniter.php(933): App\Controllers\Order->create()
 7 SYSTEMPATH\CodeIgniter.php(507): CodeIgniter\CodeIgniter->runController(Object(App\Controllers\Order))
 8 SYSTEMPATH\CodeIgniter.php(354): CodeIgniter\CodeIgniter->handleRequest(null, Object(Config\Cache), false)
 9 SYSTEMPATH\Boot.php(363): CodeIgniter\CodeIgniter->run()
10 SYSTEMPATH\Boot.php(68): CodeIgniter\Boot::runCodeIgniter(Object(CodeIgniter\CodeIgniter))
11 FCPATH\index.php(59): CodeIgniter\Boot::bootWeb(Object(Config\Paths))
CRITICAL - 2026-01-04 01:51:50 --> ErrorException: Undefined array key "customer_id"
[Method: GET, Route: order]
in APPPATH\Views\orders\form_order.php on line 15.
 1 APPPATH\Views\orders\form_order.php(15): CodeIgniter\Debug\Exceptions->errorHandler(2, 'Undefined array key "customer_id"', 'C:\\xampp\\htdocs\\rendi\\app\\Views\\orders\\form_order.php', 15)
 2 SYSTEMPATH\View\View.php(226): include('C:\\xampp\\htdocs\\rendi\\app\\Views\\orders\\form_order.php')
 3 SYSTEMPATH\View\View.php(229): CodeIgniter\View\View->CodeIgniter\View\{closure}()
 4 SYSTEMPATH\Common.php(1167): CodeIgniter\View\View->render('orders/form_order', [], true)
 5 APPPATH\Controllers\Order.php(23): view('orders/form_order', [...])
 6 SYSTEMPATH\CodeIgniter.php(933): App\Controllers\Order->create()
 7 SYSTEMPATH\CodeIgniter.php(507): CodeIgniter\CodeIgniter->runController(Object(App\Controllers\Order))
 8 SYSTEMPATH\CodeIgniter.php(354): CodeIgniter\CodeIgniter->handleRequest(null, Object(Config\Cache), false)
 9 SYSTEMPATH\Boot.php(363): CodeIgniter\CodeIgniter->run()
10 SYSTEMPATH\Boot.php(68): CodeIgniter\Boot::runCodeIgniter(Object(CodeIgniter\CodeIgniter))
11 FCPATH\index.php(59): CodeIgniter\Boot::bootWeb(Object(Config\Paths))
DEBUG - 2026-01-04 01:52:06 --> Session: Class initialized using 'CodeIgniter\Session\Handlers\FileHandler' driver.
DEBUG - 2026-01-04 01:52:13 --> Session: Class initialized using 'CodeIgniter\Session\Handlers\FileHandler' driver.
DEBUG - 2026-01-04 01:52:13 --> Session: Class initialized using 'CodeIgniter\Session\Handlers\FileHandler' driver.
DEBUG - 2026-01-04 01:52:19 --> Session: Class initialized using 'CodeIgniter\Session\Handlers\FileHandler' driver.
DEBUG - 2026-01-04 01:52:24 --> Session: Class initialized using 'CodeIgniter\Session\Handlers\FileHandler' driver.
DEBUG - 2026-01-04 01:52:24 --> Session: Class initialized using 'CodeIgniter\Session\Handlers\FileHandler' driver.
CRITICAL - 2026-01-04 01:52:48 --> ErrorException: Undefined array key "customer_id"
[Method: GET, Route: order]
in APPPATH\Views\orders\form_order.php on line 15.
 1 APPPATH\Views\orders\form_order.php(15): CodeIgniter\Debug\Exceptions->errorHandler(2, 'Undefined array key "customer_id"', 'C:\\xampp\\htdocs\\rendi\\app\\Views\\orders\\form_order.php', 15)
 2 SYSTEMPATH\View\View.php(226): include('C:\\xampp\\htdocs\\rendi\\app\\Views\\orders\\form_order.php')
 3 SYSTEMPATH\View\View.php(229): CodeIgniter\View\View->CodeIgniter\View\{closure}()
 4 SYSTEMPATH\Common.php(1167): CodeIgniter\View\View->render('orders/form_order', [], true)
 5 APPPATH\Controllers\Order.php(23): view('orders/form_order', [...])
 6 SYSTEMPATH\CodeIgniter.php(933): App\Controllers\Order->create()
 7 SYSTEMPATH\CodeIgniter.php(507): CodeIgniter\CodeIgniter->runController(Object(App\Controllers\Order))
 8 SYSTEMPATH\CodeIgniter.php(354): CodeIgniter\CodeIgniter->handleRequest(null, Object(Config\Cache), false)
 9 SYSTEMPATH\Boot.php(363): CodeIgniter\CodeIgniter->run()
10 SYSTEMPATH\Boot.php(68): CodeIgniter\Boot::runCodeIgniter(Object(CodeIgniter\CodeIgniter))
11 FCPATH\index.php(59): CodeIgniter\Boot::bootWeb(Object(Config\Paths))
CRITICAL - 2026-01-04 01:52:49 --> ErrorException: Undefined array key "customer_id"
[Method: GET, Route: order]
in APPPATH\Views\orders\form_order.php on line 15.
 1 APPPATH\Views\orders\form_order.php(15): CodeIgniter\Debug\Exceptions->errorHandler(2, 'Undefined array key "customer_id"', 'C:\\xampp\\htdocs\\rendi\\app\\Views\\orders\\form_order.php', 15)
 2 SYSTEMPATH\View\View.php(226): include('C:\\xampp\\htdocs\\rendi\\app\\Views\\orders\\form_order.php')
 3 SYSTEMPATH\View\View.php(229): CodeIgniter\View\View->CodeIgniter\View\{closure}()
 4 SYSTEMPATH\Common.php(1167): CodeIgniter\View\View->render('orders/form_order', [], true)
 5 APPPATH\Controllers\Order.php(23): view('orders/form_order', [...])
 6 SYSTEMPATH\CodeIgniter.php(933): App\Controllers\Order->create()
 7 SYSTEMPATH\CodeIgniter.php(507): CodeIgniter\CodeIgniter->runController(Object(App\Controllers\Order))
 8 SYSTEMPATH\CodeIgniter.php(354): CodeIgniter\CodeIgniter->handleRequest(null, Object(Config\Cache), false)
 9 SYSTEMPATH\Boot.php(363): CodeIgniter\CodeIgniter->run()
10 SYSTEMPATH\Boot.php(68): CodeIgniter\Boot::runCodeIgniter(Object(CodeIgniter\CodeIgniter))
11 FCPATH\index.php(59): CodeIgniter\Boot::bootWeb(Object(Config\Paths))
CRITICAL - 2026-01-04 01:53:01 --> ErrorException: Undefined array key "customer_id"
[Method: GET, Route: order]
in APPPATH\Views\orders\form_order.php on line 15.
 1 APPPATH\Views\orders\form_order.php(15): CodeIgniter\Debug\Exceptions->errorHandler(2, 'Undefined array key "customer_id"', 'C:\\xampp\\htdocs\\rendi\\app\\Views\\orders\\form_order.php', 15)
 2 SYSTEMPATH\View\View.php(226): include('C:\\xampp\\htdocs\\rendi\\app\\Views\\orders\\form_order.php')
 3 SYSTEMPATH\View\View.php(229): CodeIgniter\View\View->CodeIgniter\View\{closure}()
 4 SYSTEMPATH\Common.php(1167): CodeIgniter\View\View->render('orders/form_order', [], true)
 5 APPPATH\Controllers\Order.php(23): view('orders/form_order', [...])
 6 SYSTEMPATH\CodeIgniter.php(933): App\Controllers\Order->create()
 7 SYSTEMPATH\CodeIgniter.php(507): CodeIgniter\CodeIgniter->runController(Object(App\Controllers\Order))
 8 SYSTEMPATH\CodeIgniter.php(354): CodeIgniter\CodeIgniter->handleRequest(null, Object(Config\Cache), false)
 9 SYSTEMPATH\Boot.php(363): CodeIgniter\CodeIgniter->run()
10 SYSTEMPATH\Boot.php(68): CodeIgniter\Boot::runCodeIgniter(Object(CodeIgniter\CodeIgniter))
11 FCPATH\index.php(59): CodeIgniter\Boot::bootWeb(Object(Config\Paths))
DEBUG - 2026-01-04 01:59:47 --> Session: Class initialized using 'CodeIgniter\Session\Handlers\FileHandler' driver.
DEBUG - 2026-01-04 01:59:53 --> Session: Class initialized using 'CodeIgniter\Session\Handlers\FileHandler' driver.
DEBUG - 2026-01-04 01:59:54 --> Session: Class initialized using 'CodeIgniter\Session\Handlers\FileHandler' driver.
CRITICAL - 2026-01-04 02:00:38 --> Error: Class "App\Models\OrderModel" not found
[Method: POST, Route: order/store]
in APPPATH\Controllers\Order.php on line 29.
 1 SYSTEMPATH\CodeIgniter.php(933): App\Controllers\Order->store()
 2 SYSTEMPATH\CodeIgniter.php(507): CodeIgniter\CodeIgniter->runController(Object(App\Controllers\Order))
 3 SYSTEMPATH\CodeIgniter.php(354): CodeIgniter\CodeIgniter->handleRequest(null, Object(Config\Cache), false)
 4 SYSTEMPATH\Boot.php(363): CodeIgniter\CodeIgniter->run()
 5 SYSTEMPATH\Boot.php(68): CodeIgniter\Boot::runCodeIgniter(Object(CodeIgniter\CodeIgniter))
 6 FCPATH\index.php(59): CodeIgniter\Boot::bootWeb(Object(Config\Paths))
CRITICAL - 2026-01-04 02:02:52 --> Error: Class "App\Models\OrderModel" not found
[Method: POST, Route: order/store]
in APPPATH\Controllers\Order.php on line 29.
 1 SYSTEMPATH\CodeIgniter.php(933): App\Controllers\Order->store()
 2 SYSTEMPATH\CodeIgniter.php(507): CodeIgniter\CodeIgniter->runController(Object(App\Controllers\Order))
 3 SYSTEMPATH\CodeIgniter.php(354): CodeIgniter\CodeIgniter->handleRequest(null, Object(Config\Cache), false)
 4 SYSTEMPATH\Boot.php(363): CodeIgniter\CodeIgniter->run()
 5 SYSTEMPATH\Boot.php(68): CodeIgniter\Boot::runCodeIgniter(Object(CodeIgniter\CodeIgniter))
 6 FCPATH\index.php(59): CodeIgniter\Boot::bootWeb(Object(Config\Paths))
CRITICAL - 2026-01-04 02:04:26 --> Error: Class "App\Models\OrderItemModel" not found
[Method: POST, Route: order/store]
in APPPATH\Controllers\Order.php on line 30.
 1 SYSTEMPATH\CodeIgniter.php(933): App\Controllers\Order->store()
 2 SYSTEMPATH\CodeIgniter.php(507): CodeIgniter\CodeIgniter->runController(Object(App\Controllers\Order))
 3 SYSTEMPATH\CodeIgniter.php(354): CodeIgniter\CodeIgniter->handleRequest(null, Object(Config\Cache), false)
 4 SYSTEMPATH\Boot.php(363): CodeIgniter\CodeIgniter->run()
 5 SYSTEMPATH\Boot.php(68): CodeIgniter\Boot::runCodeIgniter(Object(CodeIgniter\CodeIgniter))
 6 FCPATH\index.php(59): CodeIgniter\Boot::bootWeb(Object(Config\Paths))
CRITICAL - 2026-01-04 02:04:29 --> Error: Class "App\Models\OrderItemModel" not found
[Method: POST, Route: order/store]
in APPPATH\Controllers\Order.php on line 30.
 1 SYSTEMPATH\CodeIgniter.php(933): App\Controllers\Order->store()
 2 SYSTEMPATH\CodeIgniter.php(507): CodeIgniter\CodeIgniter->runController(Object(App\Controllers\Order))
 3 SYSTEMPATH\CodeIgniter.php(354): CodeIgniter\CodeIgniter->handleRequest(null, Object(Config\Cache), false)
 4 SYSTEMPATH\Boot.php(363): CodeIgniter\CodeIgniter->run()
 5 SYSTEMPATH\Boot.php(68): CodeIgniter\Boot::runCodeIgniter(Object(CodeIgniter\CodeIgniter))
 6 FCPATH\index.php(59): CodeIgniter\Boot::bootWeb(Object(Config\Paths))
ERROR - 2026-01-04 02:05:53 --> Error connecting to the database: mysqli_sql_exception: No connection could be made because the target machine actively refused it in C:\xampp\htdocs\rendi\system\Database\MySQLi\Connection.php:202
Stack trace:
#0 C:\xampp\htdocs\rendi\system\Database\MySQLi\Connection.php(202): mysqli->real_connect('localhost', 'root', '', 'pabalu', 3306, '', 0)
#1 C:\xampp\htdocs\rendi\system\Database\BaseConnection.php(419): CodeIgniter\Database\MySQLi\Connection->connect(false)
#2 C:\xampp\htdocs\rendi\system\Database\BaseConnection.php(840): CodeIgniter\Database\BaseConnection->initialize()
#3 C:\xampp\htdocs\rendi\system\Database\BaseConnection.php(774): CodeIgniter\Database\BaseConnection->transBegin(false)
#4 C:\xampp\htdocs\rendi\app\Controllers\Order.php(42): CodeIgniter\Database\BaseConnection->transStart()
#5 C:\xampp\htdocs\rendi\system\CodeIgniter.php(933): App\Controllers\Order->store()
#6 C:\xampp\htdocs\rendi\system\CodeIgniter.php(507): CodeIgniter\CodeIgniter->runController(Object(App\Controllers\Order))
#7 C:\xampp\htdocs\rendi\system\CodeIgniter.php(354): CodeIgniter\CodeIgniter->handleRequest(NULL, Object(Config\Cache), false)
#8 C:\xampp\htdocs\rendi\system\Boot.php(363): CodeIgniter\CodeIgniter->run()
#9 C:\xampp\htdocs\rendi\system\Boot.php(68): CodeIgniter\Boot::runCodeIgniter(Object(CodeIgniter\CodeIgniter))
#10 C:\xampp\htdocs\rendi\public\index.php(59): CodeIgniter\Boot::bootWeb(Object(Config\Paths))
#11 {main}

Next CodeIgniter\Database\Exceptions\DatabaseException: No connection could be made because the target machine actively refused it in C:\xampp\htdocs\rendi\system\Database\MySQLi\Connection.php:246
Stack trace:
#0 C:\xampp\htdocs\rendi\system\Database\BaseConnection.php(419): CodeIgniter\Database\MySQLi\Connection->connect(false)
#1 C:\xampp\htdocs\rendi\system\Database\BaseConnection.php(840): CodeIgniter\Database\BaseConnection->initialize()
#2 C:\xampp\htdocs\rendi\system\Database\BaseConnection.php(774): CodeIgniter\Database\BaseConnection->transBegin(false)
#3 C:\xampp\htdocs\rendi\app\Controllers\Order.php(42): CodeIgniter\Database\BaseConnection->transStart()
#4 C:\xampp\htdocs\rendi\system\CodeIgniter.php(933): App\Controllers\Order->store()
#5 C:\xampp\htdocs\rendi\system\CodeIgniter.php(507): CodeIgniter\CodeIgniter->runController(Object(App\Controllers\Order))
#6 C:\xampp\htdocs\rendi\system\CodeIgniter.php(354): CodeIgniter\CodeIgniter->handleRequest(NULL, Object(Config\Cache), false)
#7 C:\xampp\htdocs\rendi\system\Boot.php(363): CodeIgniter\CodeIgniter->run()
#8 C:\xampp\htdocs\rendi\system\Boot.php(68): CodeIgniter\Boot::runCodeIgniter(Object(CodeIgniter\CodeIgniter))
#9 C:\xampp\htdocs\rendi\public\index.php(59): CodeIgniter\Boot::bootWeb(Object(Config\Paths))
#10 {main}
CRITICAL - 2026-01-04 02:05:53 --> CodeIgniter\Database\Exceptions\DatabaseException: Unable to connect to the database.
Main connection [MySQLi]: No connection could be made because the target machine actively refused it
[Method: POST, Route: order/store]
in SYSTEMPATH\Database\BaseConnection.php on line 465.
 1 SYSTEMPATH\Database\BaseConnection.php(840): CodeIgniter\Database\BaseConnection->initialize()
 2 SYSTEMPATH\Database\BaseConnection.php(774): CodeIgniter\Database\BaseConnection->transBegin(false)
 3 APPPATH\Controllers\Order.php(42): CodeIgniter\Database\BaseConnection->transStart()
 4 SYSTEMPATH\CodeIgniter.php(933): App\Controllers\Order->store()
 5 SYSTEMPATH\CodeIgniter.php(507): CodeIgniter\CodeIgniter->runController(Object(App\Controllers\Order))
 6 SYSTEMPATH\CodeIgniter.php(354): CodeIgniter\CodeIgniter->handleRequest(null, Object(Config\Cache), false)
 7 SYSTEMPATH\Boot.php(363): CodeIgniter\CodeIgniter->run()
 8 SYSTEMPATH\Boot.php(68): CodeIgniter\Boot::runCodeIgniter(Object(CodeIgniter\CodeIgniter))
 9 FCPATH\index.php(59): CodeIgniter\Boot::bootWeb(Object(Config\Paths))
DEBUG - 2026-01-04 02:06:40 --> Session: Class initialized using 'CodeIgniter\Session\Handlers\FileHandler' driver.
CRITICAL - 2026-01-04 02:06:40 --> CodeIgniter\Database\Exceptions\DataException: There is no data to update.
[Method: POST, Route: order/store]
in SYSTEMPATH\BaseModel.php on line 1008.
 1 SYSTEMPATH\BaseModel.php(1008): CodeIgniter\Database\Exceptions\DataException::forEmptyDataset('update')
 2 SYSTEMPATH\Model.php(860): CodeIgniter\BaseModel->update(null, [])
 3 APPPATH\Controllers\Order.php(71): CodeIgniter\Model->update()
 4 SYSTEMPATH\CodeIgniter.php(933): App\Controllers\Order->store()
 5 SYSTEMPATH\CodeIgniter.php(507): CodeIgniter\CodeIgniter->runController(Object(App\Controllers\Order))
 6 SYSTEMPATH\CodeIgniter.php(354): CodeIgniter\CodeIgniter->handleRequest(null, Object(Config\Cache), false)
 7 SYSTEMPATH\Boot.php(363): CodeIgniter\CodeIgniter->run()
 8 SYSTEMPATH\Boot.php(68): CodeIgniter\Boot::runCodeIgniter(Object(CodeIgniter\CodeIgniter))
 9 FCPATH\index.php(59): CodeIgniter\Boot::bootWeb(Object(Config\Paths))
DEBUG - 2026-01-04 02:07:51 --> Session: Class initialized using 'CodeIgniter\Session\Handlers\FileHandler' driver.
CRITICAL - 2026-01-04 02:07:51 --> CodeIgniter\Database\Exceptions\DataException: There is no data to update.
[Method: POST, Route: order/store]
in SYSTEMPATH\BaseModel.php on line 1008.
 1 SYSTEMPATH\BaseModel.php(1008): CodeIgniter\Database\Exceptions\DataException::forEmptyDataset('update')
 2 SYSTEMPATH\Model.php(860): CodeIgniter\BaseModel->update(null, [])
 3 APPPATH\Controllers\Order.php(73): CodeIgniter\Model->update()
 4 SYSTEMPATH\CodeIgniter.php(933): App\Controllers\Order->store()
 5 SYSTEMPATH\CodeIgniter.php(507): CodeIgniter\CodeIgniter->runController(Object(App\Controllers\Order))
 6 SYSTEMPATH\CodeIgniter.php(354): CodeIgniter\CodeIgniter->handleRequest(null, Object(Config\Cache), false)
 7 SYSTEMPATH\Boot.php(363): CodeIgniter\CodeIgniter->run()
 8 SYSTEMPATH\Boot.php(68): CodeIgniter\Boot::runCodeIgniter(Object(CodeIgniter\CodeIgniter))
 9 FCPATH\index.php(59): CodeIgniter\Boot::bootWeb(Object(Config\Paths))
DEBUG - 2026-01-04 02:14:01 --> Session: Class initialized using 'CodeIgniter\Session\Handlers\FileHandler' driver.
DEBUG - 2026-01-04 02:14:07 --> Session: Class initialized using 'CodeIgniter\Session\Handlers\FileHandler' driver.
DEBUG - 2026-01-04 02:24:13 --> Session: Class initialized using 'CodeIgniter\Session\Handlers\FileHandler' driver.
DEBUG - 2026-01-04 02:24:20 --> Session: Class initialized using 'CodeIgniter\Session\Handlers\FileHandler' driver.
DEBUG - 2026-01-04 02:25:20 --> Session: Class initialized using 'CodeIgniter\Session\Handlers\FileHandler' driver.
ERROR - 2026-01-04 02:27:37 --> mysqli_sql_exception: Unknown column 'customers.customer_name' in 'field list' in C:\xampp\htdocs\rendi\system\Database\MySQLi\Connection.php:327
Stack trace:
#0 C:\xampp\htdocs\rendi\system\Database\MySQLi\Connection.php(327): mysqli->query('SELECT `orders`...', 0)
#1 C:\xampp\htdocs\rendi\system\Database\BaseConnection.php(729): CodeIgniter\Database\MySQLi\Connection->execute('SELECT `orders`...')
#2 C:\xampp\htdocs\rendi\system\Database\BaseConnection.php(646): CodeIgniter\Database\BaseConnection->simpleQuery('SELECT `orders`...')
#3 C:\xampp\htdocs\rendi\system\Database\BaseBuilder.php(1649): CodeIgniter\Database\BaseConnection->query('SELECT `orders`...', Array, false)
#4 C:\xampp\htdocs\rendi\system\Model.php(286): CodeIgniter\Database\BaseBuilder->get()
#5 C:\xampp\htdocs\rendi\system\BaseModel.php(677): CodeIgniter\Model->doFindAll(0, 0)
#6 C:\xampp\htdocs\rendi\app\Controllers\Report.php(22): CodeIgniter\BaseModel->findAll()
#7 C:\xampp\htdocs\rendi\system\CodeIgniter.php(933): App\Controllers\Report->sales()
#8 C:\xampp\htdocs\rendi\system\CodeIgniter.php(507): CodeIgniter\CodeIgniter->runController(Object(App\Controllers\Report))
#9 C:\xampp\htdocs\rendi\system\CodeIgniter.php(354): CodeIgniter\CodeIgniter->handleRequest(NULL, Object(Config\Cache), false)
#10 C:\xampp\htdocs\rendi\system\Boot.php(363): CodeIgniter\CodeIgniter->run()
#11 C:\xampp\htdocs\rendi\system\Boot.php(68): CodeIgniter\Boot::runCodeIgniter(Object(CodeIgniter\CodeIgniter))
#12 C:\xampp\htdocs\rendi\public\index.php(59): CodeIgniter\Boot::bootWeb(Object(Config\Paths))
#13 {main}
CRITICAL - 2026-01-04 02:27:37 --> CodeIgniter\Database\Exceptions\DatabaseException: Unknown column 'customers.customer_name' in 'field list'
[Method: GET, Route: report/sales]
in SYSTEMPATH\Database\BaseConnection.php on line 684.
 1 SYSTEMPATH\Database\BaseBuilder.php(1649): CodeIgniter\Database\BaseConnection->query('SELECT `orders`.*, `customers`.`customer_name`
FROM `orders`
JOIN `customers` ON `customers`.`id_customer` = `orders`.`id_customer`
WHERE `order_date` >= :order_date:
AND `order_date` <= :order_date.1:', [...], false)
 2 SYSTEMPATH\Model.php(286): CodeIgniter\Database\BaseBuilder->get()
 3 SYSTEMPATH\BaseModel.php(677): CodeIgniter\Model->doFindAll(0, 0)
 4 APPPATH\Controllers\Report.php(22): CodeIgniter\BaseModel->findAll()
 5 SYSTEMPATH\CodeIgniter.php(933): App\Controllers\Report->sales()
 6 SYSTEMPATH\CodeIgniter.php(507): CodeIgniter\CodeIgniter->runController(Object(App\Controllers\Report))
 7 SYSTEMPATH\CodeIgniter.php(354): CodeIgniter\CodeIgniter->handleRequest(null, Object(Config\Cache), false)
 8 SYSTEMPATH\Boot.php(363): CodeIgniter\CodeIgniter->run()
 9 SYSTEMPATH\Boot.php(68): CodeIgniter\Boot::runCodeIgniter(Object(CodeIgniter\CodeIgniter))
10 FCPATH\index.php(59): CodeIgniter\Boot::bootWeb(Object(Config\Paths))
CRITICAL - 2026-01-04 02:27:37 --> [Caused by] CodeIgniter\Database\Exceptions\DatabaseException: Unknown column 'customers.customer_name' in 'field list'
in SYSTEMPATH\Database\MySQLi\Connection.php on line 332.
 1 SYSTEMPATH\Database\BaseConnection.php(729): CodeIgniter\Database\MySQLi\Connection->execute('SELECT `orders`.*, `customers`.`customer_name`
FROM `orders`
JOIN `customers` ON `customers`.`id_customer` = `orders`.`id_customer`
WHERE `order_date` >= \'2026-01-01 00:00:00\'
AND `order_date` <= \'2026-01-04 23:59:59\'')
 2 SYSTEMPATH\Database\BaseConnection.php(646): CodeIgniter\Database\BaseConnection->simpleQuery('SELECT `orders`.*, `customers`.`customer_name`
FROM `orders`
JOIN `customers` ON `customers`.`id_customer` = `orders`.`id_customer`
WHERE `order_date` >= \'2026-01-01 00:00:00\'
AND `order_date` <= \'2026-01-04 23:59:59\'')
 3 SYSTEMPATH\Database\BaseBuilder.php(1649): CodeIgniter\Database\BaseConnection->query('SELECT `orders`.*, `customers`.`customer_name`
FROM `orders`
JOIN `customers` ON `customers`.`id_customer` = `orders`.`id_customer`
WHERE `order_date` >= :order_date:
AND `order_date` <= :order_date.1:', [...], false)
 4 SYSTEMPATH\Model.php(286): CodeIgniter\Database\BaseBuilder->get()
 5 SYSTEMPATH\BaseModel.php(677): CodeIgniter\Model->doFindAll(0, 0)
 6 APPPATH\Controllers\Report.php(22): CodeIgniter\BaseModel->findAll()
 7 SYSTEMPATH\CodeIgniter.php(933): App\Controllers\Report->sales()
 8 SYSTEMPATH\CodeIgniter.php(507): CodeIgniter\CodeIgniter->runController(Object(App\Controllers\Report))
 9 SYSTEMPATH\CodeIgniter.php(354): CodeIgniter\CodeIgniter->handleRequest(null, Object(Config\Cache), false)
10 SYSTEMPATH\Boot.php(363): CodeIgniter\CodeIgniter->run()
11 SYSTEMPATH\Boot.php(68): CodeIgniter\Boot::runCodeIgniter(Object(CodeIgniter\CodeIgniter))
12 FCPATH\index.php(59): CodeIgniter\Boot::bootWeb(Object(Config\Paths))
CRITICAL - 2026-01-04 02:27:37 --> [Caused by] mysqli_sql_exception: Unknown column 'customers.customer_name' in 'field list'
in SYSTEMPATH\Database\MySQLi\Connection.php on line 327.
 1 SYSTEMPATH\Database\MySQLi\Connection.php(327): mysqli->query('SELECT `orders`.*, `customers`.`customer_name`
FROM `orders`
JOIN `customers` ON `customers`.`id_customer` = `orders`.`id_customer`
WHERE `order_date` >= \'2026-01-01 00:00:00\'
AND `order_date` <= \'2026-01-04 23:59:59\'', 0)
 2 SYSTEMPATH\Database\BaseConnection.php(729): CodeIgniter\Database\MySQLi\Connection->execute('SELECT `orders`.*, `customers`.`customer_name`
FROM `orders`
JOIN `customers` ON `customers`.`id_customer` = `orders`.`id_customer`
WHERE `order_date` >= \'2026-01-01 00:00:00\'
AND `order_date` <= \'2026-01-04 23:59:59\'')
 3 SYSTEMPATH\Database\BaseConnection.php(646): CodeIgniter\Database\BaseConnection->simpleQuery('SELECT `orders`.*, `customers`.`customer_name`
FROM `orders`
JOIN `customers` ON `customers`.`id_customer` = `orders`.`id_customer`
WHERE `order_date` >= \'2026-01-01 00:00:00\'
AND `order_date` <= \'2026-01-04 23:59:59\'')
 4 SYSTEMPATH\Database\BaseBuilder.php(1649): CodeIgniter\Database\BaseConnection->query('SELECT `orders`.*, `customers`.`customer_name`
FROM `orders`
JOIN `customers` ON `customers`.`id_customer` = `orders`.`id_customer`
WHERE `order_date` >= :order_date:
AND `order_date` <= :order_date.1:', [...], false)
 5 SYSTEMPATH\Model.php(286): CodeIgniter\Database\BaseBuilder->get()
 6 SYSTEMPATH\BaseModel.php(677): CodeIgniter\Model->doFindAll(0, 0)
 7 APPPATH\Controllers\Report.php(22): CodeIgniter\BaseModel->findAll()
 8 SYSTEMPATH\CodeIgniter.php(933): App\Controllers\Report->sales()
 9 SYSTEMPATH\CodeIgniter.php(507): CodeIgniter\CodeIgniter->runController(Object(App\Controllers\Report))
10 SYSTEMPATH\CodeIgniter.php(354): CodeIgniter\CodeIgniter->handleRequest(null, Object(Config\Cache), false)
11 SYSTEMPATH\Boot.php(363): CodeIgniter\CodeIgniter->run()
12 SYSTEMPATH\Boot.php(68): CodeIgniter\Boot::runCodeIgniter(Object(CodeIgniter\CodeIgniter))
13 FCPATH\index.php(59): CodeIgniter\Boot::bootWeb(Object(Config\Paths))
ERROR - 2026-01-04 02:30:12 --> mysqli_sql_exception: Unknown column 'customers.customer_name' in 'field list' in C:\xampp\htdocs\rendi\system\Database\MySQLi\Connection.php:327
Stack trace:
#0 C:\xampp\htdocs\rendi\system\Database\MySQLi\Connection.php(327): mysqli->query('SELECT `orders`...', 0)
#1 C:\xampp\htdocs\rendi\system\Database\BaseConnection.php(729): CodeIgniter\Database\MySQLi\Connection->execute('SELECT `orders`...')
#2 C:\xampp\htdocs\rendi\system\Database\BaseConnection.php(646): CodeIgniter\Database\BaseConnection->simpleQuery('SELECT `orders`...')
#3 C:\xampp\htdocs\rendi\system\Database\BaseBuilder.php(1649): CodeIgniter\Database\BaseConnection->query('SELECT `orders`...', Array, false)
#4 C:\xampp\htdocs\rendi\system\Model.php(286): CodeIgniter\Database\BaseBuilder->get()
#5 C:\xampp\htdocs\rendi\system\BaseModel.php(677): CodeIgniter\Model->doFindAll(0, 0)
#6 C:\xampp\htdocs\rendi\app\Controllers\Report.php(22): CodeIgniter\BaseModel->findAll()
#7 C:\xampp\htdocs\rendi\system\CodeIgniter.php(933): App\Controllers\Report->sales()
#8 C:\xampp\htdocs\rendi\system\CodeIgniter.php(507): CodeIgniter\CodeIgniter->runController(Object(App\Controllers\Report))
#9 C:\xampp\htdocs\rendi\system\CodeIgniter.php(354): CodeIgniter\CodeIgniter->handleRequest(NULL, Object(Config\Cache), false)
#10 C:\xampp\htdocs\rendi\system\Boot.php(363): CodeIgniter\CodeIgniter->run()
#11 C:\xampp\htdocs\rendi\system\Boot.php(68): CodeIgniter\Boot::runCodeIgniter(Object(CodeIgniter\CodeIgniter))
#12 C:\xampp\htdocs\rendi\public\index.php(59): CodeIgniter\Boot::bootWeb(Object(Config\Paths))
#13 {main}
CRITICAL - 2026-01-04 02:30:12 --> CodeIgniter\Database\Exceptions\DatabaseException: Unknown column 'customers.customer_name' in 'field list'
[Method: GET, Route: report/sales]
in SYSTEMPATH\Database\BaseConnection.php on line 684.
 1 SYSTEMPATH\Database\BaseBuilder.php(1649): CodeIgniter\Database\BaseConnection->query('SELECT `orders`.*, `customers`.`customer_name`
FROM `orders`
JOIN `customers` ON `customers`.`id_customer` = `orders`.`id_customer`
WHERE `order_date` >= :order_date:
AND `order_date` <= :order_date.1:', [...], false)
 2 SYSTEMPATH\Model.php(286): CodeIgniter\Database\BaseBuilder->get()
 3 SYSTEMPATH\BaseModel.php(677): CodeIgniter\Model->doFindAll(0, 0)
 4 APPPATH\Controllers\Report.php(22): CodeIgniter\BaseModel->findAll()
 5 SYSTEMPATH\CodeIgniter.php(933): App\Controllers\Report->sales()
 6 SYSTEMPATH\CodeIgniter.php(507): CodeIgniter\CodeIgniter->runController(Object(App\Controllers\Report))
 7 SYSTEMPATH\CodeIgniter.php(354): CodeIgniter\CodeIgniter->handleRequest(null, Object(Config\Cache), false)
 8 SYSTEMPATH\Boot.php(363): CodeIgniter\CodeIgniter->run()
 9 SYSTEMPATH\Boot.php(68): CodeIgniter\Boot::runCodeIgniter(Object(CodeIgniter\CodeIgniter))
10 FCPATH\index.php(59): CodeIgniter\Boot::bootWeb(Object(Config\Paths))
CRITICAL - 2026-01-04 02:30:12 --> [Caused by] CodeIgniter\Database\Exceptions\DatabaseException: Unknown column 'customers.customer_name' in 'field list'
in SYSTEMPATH\Database\MySQLi\Connection.php on line 332.
 1 SYSTEMPATH\Database\BaseConnection.php(729): CodeIgniter\Database\MySQLi\Connection->execute('SELECT `orders`.*, `customers`.`customer_name`
FROM `orders`
JOIN `customers` ON `customers`.`id_customer` = `orders`.`id_customer`
WHERE `order_date` >= \'2026-01-01 00:00:00\'
AND `order_date` <= \'2026-01-04 23:59:59\'')
 2 SYSTEMPATH\Database\BaseConnection.php(646): CodeIgniter\Database\BaseConnection->simpleQuery('SELECT `orders`.*, `customers`.`customer_name`
FROM `orders`
JOIN `customers` ON `customers`.`id_customer` = `orders`.`id_customer`
WHERE `order_date` >= \'2026-01-01 00:00:00\'
AND `order_date` <= \'2026-01-04 23:59:59\'')
 3 SYSTEMPATH\Database\BaseBuilder.php(1649): CodeIgniter\Database\BaseConnection->query('SELECT `orders`.*, `customers`.`customer_name`
FROM `orders`
JOIN `customers` ON `customers`.`id_customer` = `orders`.`id_customer`
WHERE `order_date` >= :order_date:
AND `order_date` <= :order_date.1:', [...], false)
 4 SYSTEMPATH\Model.php(286): CodeIgniter\Database\BaseBuilder->get()
 5 SYSTEMPATH\BaseModel.php(677): CodeIgniter\Model->doFindAll(0, 0)
 6 APPPATH\Controllers\Report.php(22): CodeIgniter\BaseModel->findAll()
 7 SYSTEMPATH\CodeIgniter.php(933): App\Controllers\Report->sales()
 8 SYSTEMPATH\CodeIgniter.php(507): CodeIgniter\CodeIgniter->runController(Object(App\Controllers\Report))
 9 SYSTEMPATH\CodeIgniter.php(354): CodeIgniter\CodeIgniter->handleRequest(null, Object(Config\Cache), false)
10 SYSTEMPATH\Boot.php(363): CodeIgniter\CodeIgniter->run()
11 SYSTEMPATH\Boot.php(68): CodeIgniter\Boot::runCodeIgniter(Object(CodeIgniter\CodeIgniter))
12 FCPATH\index.php(59): CodeIgniter\Boot::bootWeb(Object(Config\Paths))
CRITICAL - 2026-01-04 02:30:12 --> [Caused by] mysqli_sql_exception: Unknown column 'customers.customer_name' in 'field list'
in SYSTEMPATH\Database\MySQLi\Connection.php on line 327.
 1 SYSTEMPATH\Database\MySQLi\Connection.php(327): mysqli->query('SELECT `orders`.*, `customers`.`customer_name`
FROM `orders`
JOIN `customers` ON `customers`.`id_customer` = `orders`.`id_customer`
WHERE `order_date` >= \'2026-01-01 00:00:00\'
AND `order_date` <= \'2026-01-04 23:59:59\'', 0)
 2 SYSTEMPATH\Database\BaseConnection.php(729): CodeIgniter\Database\MySQLi\Connection->execute('SELECT `orders`.*, `customers`.`customer_name`
FROM `orders`
JOIN `customers` ON `customers`.`id_customer` = `orders`.`id_customer`
WHERE `order_date` >= \'2026-01-01 00:00:00\'
AND `order_date` <= \'2026-01-04 23:59:59\'')
 3 SYSTEMPATH\Database\BaseConnection.php(646): CodeIgniter\Database\BaseConnection->simpleQuery('SELECT `orders`.*, `customers`.`customer_name`
FROM `orders`
JOIN `customers` ON `customers`.`id_customer` = `orders`.`id_customer`
WHERE `order_date` >= \'2026-01-01 00:00:00\'
AND `order_date` <= \'2026-01-04 23:59:59\'')
 4 SYSTEMPATH\Database\BaseBuilder.php(1649): CodeIgniter\Database\BaseConnection->query('SELECT `orders`.*, `customers`.`customer_name`
FROM `orders`
JOIN `customers` ON `customers`.`id_customer` = `orders`.`id_customer`
WHERE `order_date` >= :order_date:
AND `order_date` <= :order_date.1:', [...], false)
 5 SYSTEMPATH\Model.php(286): CodeIgniter\Database\BaseBuilder->get()
 6 SYSTEMPATH\BaseModel.php(677): CodeIgniter\Model->doFindAll(0, 0)
 7 APPPATH\Controllers\Report.php(22): CodeIgniter\BaseModel->findAll()
 8 SYSTEMPATH\CodeIgniter.php(933): App\Controllers\Report->sales()
 9 SYSTEMPATH\CodeIgniter.php(507): CodeIgniter\CodeIgniter->runController(Object(App\Controllers\Report))
10 SYSTEMPATH\CodeIgniter.php(354): CodeIgniter\CodeIgniter->handleRequest(null, Object(Config\Cache), false)
11 SYSTEMPATH\Boot.php(363): CodeIgniter\CodeIgniter->run()
12 SYSTEMPATH\Boot.php(68): CodeIgniter\Boot::runCodeIgniter(Object(CodeIgniter\CodeIgniter))
13 FCPATH\index.php(59): CodeIgniter\Boot::bootWeb(Object(Config\Paths))
ERROR - 2026-01-04 02:30:13 --> mysqli_sql_exception: Unknown column 'customers.customer_name' in 'field list' in C:\xampp\htdocs\rendi\system\Database\MySQLi\Connection.php:327
Stack trace:
#0 C:\xampp\htdocs\rendi\system\Database\MySQLi\Connection.php(327): mysqli->query('SELECT `orders`...', 0)
#1 C:\xampp\htdocs\rendi\system\Database\BaseConnection.php(729): CodeIgniter\Database\MySQLi\Connection->execute('SELECT `orders`...')
#2 C:\xampp\htdocs\rendi\system\Database\BaseConnection.php(646): CodeIgniter\Database\BaseConnection->simpleQuery('SELECT `orders`...')
#3 C:\xampp\htdocs\rendi\system\Database\BaseBuilder.php(1649): CodeIgniter\Database\BaseConnection->query('SELECT `orders`...', Array, false)
#4 C:\xampp\htdocs\rendi\system\Model.php(286): CodeIgniter\Database\BaseBuilder->get()
#5 C:\xampp\htdocs\rendi\system\BaseModel.php(677): CodeIgniter\Model->doFindAll(0, 0)
#6 C:\xampp\htdocs\rendi\app\Controllers\Report.php(22): CodeIgniter\BaseModel->findAll()
#7 C:\xampp\htdocs\rendi\system\CodeIgniter.php(933): App\Controllers\Report->sales()
#8 C:\xampp\htdocs\rendi\system\CodeIgniter.php(507): CodeIgniter\CodeIgniter->runController(Object(App\Controllers\Report))
#9 C:\xampp\htdocs\rendi\system\CodeIgniter.php(354): CodeIgniter\CodeIgniter->handleRequest(NULL, Object(Config\Cache), false)
#10 C:\xampp\htdocs\rendi\system\Boot.php(363): CodeIgniter\CodeIgniter->run()
#11 C:\xampp\htdocs\rendi\system\Boot.php(68): CodeIgniter\Boot::runCodeIgniter(Object(CodeIgniter\CodeIgniter))
#12 C:\xampp\htdocs\rendi\public\index.php(59): CodeIgniter\Boot::bootWeb(Object(Config\Paths))
#13 {main}
CRITICAL - 2026-01-04 02:30:13 --> CodeIgniter\Database\Exceptions\DatabaseException: Unknown column 'customers.customer_name' in 'field list'
[Method: GET, Route: report/sales]
in SYSTEMPATH\Database\BaseConnection.php on line 684.
 1 SYSTEMPATH\Database\BaseBuilder.php(1649): CodeIgniter\Database\BaseConnection->query('SELECT `orders`.*, `customers`.`customer_name`
FROM `orders`
JOIN `customers` ON `customers`.`id_customer` = `orders`.`id_customer`
WHERE `order_date` >= :order_date:
AND `order_date` <= :order_date.1:', [...], false)
 2 SYSTEMPATH\Model.php(286): CodeIgniter\Database\BaseBuilder->get()
 3 SYSTEMPATH\BaseModel.php(677): CodeIgniter\Model->doFindAll(0, 0)
 4 APPPATH\Controllers\Report.php(22): CodeIgniter\BaseModel->findAll()
 5 SYSTEMPATH\CodeIgniter.php(933): App\Controllers\Report->sales()
 6 SYSTEMPATH\CodeIgniter.php(507): CodeIgniter\CodeIgniter->runController(Object(App\Controllers\Report))
 7 SYSTEMPATH\CodeIgniter.php(354): CodeIgniter\CodeIgniter->handleRequest(null, Object(Config\Cache), false)
 8 SYSTEMPATH\Boot.php(363): CodeIgniter\CodeIgniter->run()
 9 SYSTEMPATH\Boot.php(68): CodeIgniter\Boot::runCodeIgniter(Object(CodeIgniter\CodeIgniter))
10 FCPATH\index.php(59): CodeIgniter\Boot::bootWeb(Object(Config\Paths))
CRITICAL - 2026-01-04 02:30:13 --> [Caused by] CodeIgniter\Database\Exceptions\DatabaseException: Unknown column 'customers.customer_name' in 'field list'
in SYSTEMPATH\Database\MySQLi\Connection.php on line 332.
 1 SYSTEMPATH\Database\BaseConnection.php(729): CodeIgniter\Database\MySQLi\Connection->execute('SELECT `orders`.*, `customers`.`customer_name`
FROM `orders`
JOIN `customers` ON `customers`.`id_customer` = `orders`.`id_customer`
WHERE `order_date` >= \'2026-01-01 00:00:00\'
AND `order_date` <= \'2026-01-04 23:59:59\'')
 2 SYSTEMPATH\Database\BaseConnection.php(646): CodeIgniter\Database\BaseConnection->simpleQuery('SELECT `orders`.*, `customers`.`customer_name`
FROM `orders`
JOIN `customers` ON `customers`.`id_customer` = `orders`.`id_customer`
WHERE `order_date` >= \'2026-01-01 00:00:00\'
AND `order_date` <= \'2026-01-04 23:59:59\'')
 3 SYSTEMPATH\Database\BaseBuilder.php(1649): CodeIgniter\Database\BaseConnection->query('SELECT `orders`.*, `customers`.`customer_name`
FROM `orders`
JOIN `customers` ON `customers`.`id_customer` = `orders`.`id_customer`
WHERE `order_date` >= :order_date:
AND `order_date` <= :order_date.1:', [...], false)
 4 SYSTEMPATH\Model.php(286): CodeIgniter\Database\BaseBuilder->get()
 5 SYSTEMPATH\BaseModel.php(677): CodeIgniter\Model->doFindAll(0, 0)
 6 APPPATH\Controllers\Report.php(22): CodeIgniter\BaseModel->findAll()
 7 SYSTEMPATH\CodeIgniter.php(933): App\Controllers\Report->sales()
 8 SYSTEMPATH\CodeIgniter.php(507): CodeIgniter\CodeIgniter->runController(Object(App\Controllers\Report))
 9 SYSTEMPATH\CodeIgniter.php(354): CodeIgniter\CodeIgniter->handleRequest(null, Object(Config\Cache), false)
10 SYSTEMPATH\Boot.php(363): CodeIgniter\CodeIgniter->run()
11 SYSTEMPATH\Boot.php(68): CodeIgniter\Boot::runCodeIgniter(Object(CodeIgniter\CodeIgniter))
12 FCPATH\index.php(59): CodeIgniter\Boot::bootWeb(Object(Config\Paths))
CRITICAL - 2026-01-04 02:30:13 --> [Caused by] mysqli_sql_exception: Unknown column 'customers.customer_name' in 'field list'
in SYSTEMPATH\Database\MySQLi\Connection.php on line 327.
 1 SYSTEMPATH\Database\MySQLi\Connection.php(327): mysqli->query('SELECT `orders`.*, `customers`.`customer_name`
FROM `orders`
JOIN `customers` ON `customers`.`id_customer` = `orders`.`id_customer`
WHERE `order_date` >= \'2026-01-01 00:00:00\'
AND `order_date` <= \'2026-01-04 23:59:59\'', 0)
 2 SYSTEMPATH\Database\BaseConnection.php(729): CodeIgniter\Database\MySQLi\Connection->execute('SELECT `orders`.*, `customers`.`customer_name`
FROM `orders`
JOIN `customers` ON `customers`.`id_customer` = `orders`.`id_customer`
WHERE `order_date` >= \'2026-01-01 00:00:00\'
AND `order_date` <= \'2026-01-04 23:59:59\'')
 3 SYSTEMPATH\Database\BaseConnection.php(646): CodeIgniter\Database\BaseConnection->simpleQuery('SELECT `orders`.*, `customers`.`customer_name`
FROM `orders`
JOIN `customers` ON `customers`.`id_customer` = `orders`.`id_customer`
WHERE `order_date` >= \'2026-01-01 00:00:00\'
AND `order_date` <= \'2026-01-04 23:59:59\'')
 4 SYSTEMPATH\Database\BaseBuilder.php(1649): CodeIgniter\Database\BaseConnection->query('SELECT `orders`.*, `customers`.`customer_name`
FROM `orders`
JOIN `customers` ON `customers`.`id_customer` = `orders`.`id_customer`
WHERE `order_date` >= :order_date:
AND `order_date` <= :order_date.1:', [...], false)
 5 SYSTEMPATH\Model.php(286): CodeIgniter\Database\BaseBuilder->get()
 6 SYSTEMPATH\BaseModel.php(677): CodeIgniter\Model->doFindAll(0, 0)
 7 APPPATH\Controllers\Report.php(22): CodeIgniter\BaseModel->findAll()
 8 SYSTEMPATH\CodeIgniter.php(933): App\Controllers\Report->sales()
 9 SYSTEMPATH\CodeIgniter.php(507): CodeIgniter\CodeIgniter->runController(Object(App\Controllers\Report))
10 SYSTEMPATH\CodeIgniter.php(354): CodeIgniter\CodeIgniter->handleRequest(null, Object(Config\Cache), false)
11 SYSTEMPATH\Boot.php(363): CodeIgniter\CodeIgniter->run()
12 SYSTEMPATH\Boot.php(68): CodeIgniter\Boot::runCodeIgniter(Object(CodeIgniter\CodeIgniter))
13 FCPATH\index.php(59): CodeIgniter\Boot::bootWeb(Object(Config\Paths))
DEBUG - 2026-01-04 02:30:17 --> Session: Class initialized using 'CodeIgniter\Session\Handlers\FileHandler' driver.
ERROR - 2026-01-04 02:30:30 --> mysqli_sql_exception: Unknown column 'customers.customer_name' in 'field list' in C:\xampp\htdocs\rendi\system\Database\MySQLi\Connection.php:327
Stack trace:
#0 C:\xampp\htdocs\rendi\system\Database\MySQLi\Connection.php(327): mysqli->query('SELECT `orders`...', 0)
#1 C:\xampp\htdocs\rendi\system\Database\BaseConnection.php(729): CodeIgniter\Database\MySQLi\Connection->execute('SELECT `orders`...')
#2 C:\xampp\htdocs\rendi\system\Database\BaseConnection.php(646): CodeIgniter\Database\BaseConnection->simpleQuery('SELECT `orders`...')
#3 C:\xampp\htdocs\rendi\system\Database\BaseBuilder.php(1649): CodeIgniter\Database\BaseConnection->query('SELECT `orders`...', Array, false)
#4 C:\xampp\htdocs\rendi\system\Model.php(286): CodeIgniter\Database\BaseBuilder->get()
#5 C:\xampp\htdocs\rendi\system\BaseModel.php(677): CodeIgniter\Model->doFindAll(0, 0)
#6 C:\xampp\htdocs\rendi\app\Controllers\Report.php(22): CodeIgniter\BaseModel->findAll()
#7 C:\xampp\htdocs\rendi\system\CodeIgniter.php(933): App\Controllers\Report->sales()
#8 C:\xampp\htdocs\rendi\system\CodeIgniter.php(507): CodeIgniter\CodeIgniter->runController(Object(App\Controllers\Report))
#9 C:\xampp\htdocs\rendi\system\CodeIgniter.php(354): CodeIgniter\CodeIgniter->handleRequest(NULL, Object(Config\Cache), false)
#10 C:\xampp\htdocs\rendi\system\Boot.php(363): CodeIgniter\CodeIgniter->run()
#11 C:\xampp\htdocs\rendi\system\Boot.php(68): CodeIgniter\Boot::runCodeIgniter(Object(CodeIgniter\CodeIgniter))
#12 C:\xampp\htdocs\rendi\public\index.php(59): CodeIgniter\Boot::bootWeb(Object(Config\Paths))
#13 {main}
CRITICAL - 2026-01-04 02:30:30 --> CodeIgniter\Database\Exceptions\DatabaseException: Unknown column 'customers.customer_name' in 'field list'
[Method: GET, Route: report/sales]
in SYSTEMPATH\Database\BaseConnection.php on line 684.
 1 SYSTEMPATH\Database\BaseBuilder.php(1649): CodeIgniter\Database\BaseConnection->query('SELECT `orders`.*, `customers`.`customer_name`
FROM `orders`
JOIN `customers` ON `customers`.`id_customer` = `orders`.`id_customer`
WHERE `order_date` >= :order_date:
AND `order_date` <= :order_date.1:', [...], false)
 2 SYSTEMPATH\Model.php(286): CodeIgniter\Database\BaseBuilder->get()
 3 SYSTEMPATH\BaseModel.php(677): CodeIgniter\Model->doFindAll(0, 0)
 4 APPPATH\Controllers\Report.php(22): CodeIgniter\BaseModel->findAll()
 5 SYSTEMPATH\CodeIgniter.php(933): App\Controllers\Report->sales()
 6 SYSTEMPATH\CodeIgniter.php(507): CodeIgniter\CodeIgniter->runController(Object(App\Controllers\Report))
 7 SYSTEMPATH\CodeIgniter.php(354): CodeIgniter\CodeIgniter->handleRequest(null, Object(Config\Cache), false)
 8 SYSTEMPATH\Boot.php(363): CodeIgniter\CodeIgniter->run()
 9 SYSTEMPATH\Boot.php(68): CodeIgniter\Boot::runCodeIgniter(Object(CodeIgniter\CodeIgniter))
10 FCPATH\index.php(59): CodeIgniter\Boot::bootWeb(Object(Config\Paths))
CRITICAL - 2026-01-04 02:30:30 --> [Caused by] CodeIgniter\Database\Exceptions\DatabaseException: Unknown column 'customers.customer_name' in 'field list'
in SYSTEMPATH\Database\MySQLi\Connection.php on line 332.
 1 SYSTEMPATH\Database\BaseConnection.php(729): CodeIgniter\Database\MySQLi\Connection->execute('SELECT `orders`.*, `customers`.`customer_name`
FROM `orders`
JOIN `customers` ON `customers`.`id_customer` = `orders`.`id_customer`
WHERE `order_date` >= \'2026-01-01 00:00:00\'
AND `order_date` <= \'2026-01-04 23:59:59\'')
 2 SYSTEMPATH\Database\BaseConnection.php(646): CodeIgniter\Database\BaseConnection->simpleQuery('SELECT `orders`.*, `customers`.`customer_name`
FROM `orders`
JOIN `customers` ON `customers`.`id_customer` = `orders`.`id_customer`
WHERE `order_date` >= \'2026-01-01 00:00:00\'
AND `order_date` <= \'2026-01-04 23:59:59\'')
 3 SYSTEMPATH\Database\BaseBuilder.php(1649): CodeIgniter\Database\BaseConnection->query('SELECT `orders`.*, `customers`.`customer_name`
FROM `orders`
JOIN `customers` ON `customers`.`id_customer` = `orders`.`id_customer`
WHERE `order_date` >= :order_date:
AND `order_date` <= :order_date.1:', [...], false)
 4 SYSTEMPATH\Model.php(286): CodeIgniter\Database\BaseBuilder->get()
 5 SYSTEMPATH\BaseModel.php(677): CodeIgniter\Model->doFindAll(0, 0)
 6 APPPATH\Controllers\Report.php(22): CodeIgniter\BaseModel->findAll()
 7 SYSTEMPATH\CodeIgniter.php(933): App\Controllers\Report->sales()
 8 SYSTEMPATH\CodeIgniter.php(507): CodeIgniter\CodeIgniter->runController(Object(App\Controllers\Report))
 9 SYSTEMPATH\CodeIgniter.php(354): CodeIgniter\CodeIgniter->handleRequest(null, Object(Config\Cache), false)
10 SYSTEMPATH\Boot.php(363): CodeIgniter\CodeIgniter->run()
11 SYSTEMPATH\Boot.php(68): CodeIgniter\Boot::runCodeIgniter(Object(CodeIgniter\CodeIgniter))
12 FCPATH\index.php(59): CodeIgniter\Boot::bootWeb(Object(Config\Paths))
CRITICAL - 2026-01-04 02:30:30 --> [Caused by] mysqli_sql_exception: Unknown column 'customers.customer_name' in 'field list'
in SYSTEMPATH\Database\MySQLi\Connection.php on line 327.
 1 SYSTEMPATH\Database\MySQLi\Connection.php(327): mysqli->query('SELECT `orders`.*, `customers`.`customer_name`
FROM `orders`
JOIN `customers` ON `customers`.`id_customer` = `orders`.`id_customer`
WHERE `order_date` >= \'2026-01-01 00:00:00\'
AND `order_date` <= \'2026-01-04 23:59:59\'', 0)
 2 SYSTEMPATH\Database\BaseConnection.php(729): CodeIgniter\Database\MySQLi\Connection->execute('SELECT `orders`.*, `customers`.`customer_name`
FROM `orders`
JOIN `customers` ON `customers`.`id_customer` = `orders`.`id_customer`
WHERE `order_date` >= \'2026-01-01 00:00:00\'
AND `order_date` <= \'2026-01-04 23:59:59\'')
 3 SYSTEMPATH\Database\BaseConnection.php(646): CodeIgniter\Database\BaseConnection->simpleQuery('SELECT `orders`.*, `customers`.`customer_name`
FROM `orders`
JOIN `customers` ON `customers`.`id_customer` = `orders`.`id_customer`
WHERE `order_date` >= \'2026-01-01 00:00:00\'
AND `order_date` <= \'2026-01-04 23:59:59\'')
 4 SYSTEMPATH\Database\BaseBuilder.php(1649): CodeIgniter\Database\BaseConnection->query('SELECT `orders`.*, `customers`.`customer_name`
FROM `orders`
JOIN `customers` ON `customers`.`id_customer` = `orders`.`id_customer`
WHERE `order_date` >= :order_date:
AND `order_date` <= :order_date.1:', [...], false)
 5 SYSTEMPATH\Model.php(286): CodeIgniter\Database\BaseBuilder->get()
 6 SYSTEMPATH\BaseModel.php(677): CodeIgniter\Model->doFindAll(0, 0)
 7 APPPATH\Controllers\Report.php(22): CodeIgniter\BaseModel->findAll()
 8 SYSTEMPATH\CodeIgniter.php(933): App\Controllers\Report->sales()
 9 SYSTEMPATH\CodeIgniter.php(507): CodeIgniter\CodeIgniter->runController(Object(App\Controllers\Report))
10 SYSTEMPATH\CodeIgniter.php(354): CodeIgniter\CodeIgniter->handleRequest(null, Object(Config\Cache), false)
11 SYSTEMPATH\Boot.php(363): CodeIgniter\CodeIgniter->run()
12 SYSTEMPATH\Boot.php(68): CodeIgniter\Boot::runCodeIgniter(Object(CodeIgniter\CodeIgniter))
13 FCPATH\index.php(59): CodeIgniter\Boot::bootWeb(Object(Config\Paths))
ERROR - 2026-01-04 02:31:27 --> mysqli_sql_exception: Unknown column 'customers.nama_customer' in 'field list' in C:\xampp\htdocs\rendi\system\Database\MySQLi\Connection.php:327
Stack trace:
#0 C:\xampp\htdocs\rendi\system\Database\MySQLi\Connection.php(327): mysqli->query('SELECT `orders`...', 0)
#1 C:\xampp\htdocs\rendi\system\Database\BaseConnection.php(729): CodeIgniter\Database\MySQLi\Connection->execute('SELECT `orders`...')
#2 C:\xampp\htdocs\rendi\system\Database\BaseConnection.php(646): CodeIgniter\Database\BaseConnection->simpleQuery('SELECT `orders`...')
#3 C:\xampp\htdocs\rendi\system\Database\BaseBuilder.php(1649): CodeIgniter\Database\BaseConnection->query('SELECT `orders`...', Array, false)
#4 C:\xampp\htdocs\rendi\system\Model.php(286): CodeIgniter\Database\BaseBuilder->get()
#5 C:\xampp\htdocs\rendi\system\BaseModel.php(677): CodeIgniter\Model->doFindAll(0, 0)
#6 C:\xampp\htdocs\rendi\app\Controllers\Report.php(24): CodeIgniter\BaseModel->findAll()
#7 C:\xampp\htdocs\rendi\system\CodeIgniter.php(933): App\Controllers\Report->sales()
#8 C:\xampp\htdocs\rendi\system\CodeIgniter.php(507): CodeIgniter\CodeIgniter->runController(Object(App\Controllers\Report))
#9 C:\xampp\htdocs\rendi\system\CodeIgniter.php(354): CodeIgniter\CodeIgniter->handleRequest(NULL, Object(Config\Cache), false)
#10 C:\xampp\htdocs\rendi\system\Boot.php(363): CodeIgniter\CodeIgniter->run()
#11 C:\xampp\htdocs\rendi\system\Boot.php(68): CodeIgniter\Boot::runCodeIgniter(Object(CodeIgniter\CodeIgniter))
#12 C:\xampp\htdocs\rendi\public\index.php(59): CodeIgniter\Boot::bootWeb(Object(Config\Paths))
#13 {main}
CRITICAL - 2026-01-04 02:31:27 --> CodeIgniter\Database\Exceptions\DatabaseException: Unknown column 'customers.nama_customer' in 'field list'
[Method: GET, Route: report/sales]
in SYSTEMPATH\Database\BaseConnection.php on line 684.
 1 SYSTEMPATH\Database\BaseBuilder.php(1649): CodeIgniter\Database\BaseConnection->query('SELECT `orders`.*, `customers`.`nama_customer`
FROM `orders`
JOIN `customers` ON `customers`.`id_customer` = `orders`.`id_customer`
WHERE `order_date` >= :order_date:
AND `order_date` <= :order_date.1:
ORDER BY `orders`.`order_date` DESC', [...], false)
 2 SYSTEMPATH\Model.php(286): CodeIgniter\Database\BaseBuilder->get()
 3 SYSTEMPATH\BaseModel.php(677): CodeIgniter\Model->doFindAll(0, 0)
 4 APPPATH\Controllers\Report.php(24): CodeIgniter\BaseModel->findAll()
 5 SYSTEMPATH\CodeIgniter.php(933): App\Controllers\Report->sales()
 6 SYSTEMPATH\CodeIgniter.php(507): CodeIgniter\CodeIgniter->runController(Object(App\Controllers\Report))
 7 SYSTEMPATH\CodeIgniter.php(354): CodeIgniter\CodeIgniter->handleRequest(null, Object(Config\Cache), false)
 8 SYSTEMPATH\Boot.php(363): CodeIgniter\CodeIgniter->run()
 9 SYSTEMPATH\Boot.php(68): CodeIgniter\Boot::runCodeIgniter(Object(CodeIgniter\CodeIgniter))
10 FCPATH\index.php(59): CodeIgniter\Boot::bootWeb(Object(Config\Paths))
CRITICAL - 2026-01-04 02:31:27 --> [Caused by] CodeIgniter\Database\Exceptions\DatabaseException: Unknown column 'customers.nama_customer' in 'field list'
in SYSTEMPATH\Database\MySQLi\Connection.php on line 332.
 1 SYSTEMPATH\Database\BaseConnection.php(729): CodeIgniter\Database\MySQLi\Connection->execute('SELECT `orders`.*, `customers`.`nama_customer`
FROM `orders`
JOIN `customers` ON `customers`.`id_customer` = `orders`.`id_customer`
WHERE `order_date` >= \'2026-01-01 00:00:00\'
AND `order_date` <= \'2026-01-04 23:59:59\'
ORDER BY `orders`.`order_date` DESC')
 2 SYSTEMPATH\Database\BaseConnection.php(646): CodeIgniter\Database\BaseConnection->simpleQuery('SELECT `orders`.*, `customers`.`nama_customer`
FROM `orders`
JOIN `customers` ON `customers`.`id_customer` = `orders`.`id_customer`
WHERE `order_date` >= \'2026-01-01 00:00:00\'
AND `order_date` <= \'2026-01-04 23:59:59\'
ORDER BY `orders`.`order_date` DESC')
 3 SYSTEMPATH\Database\BaseBuilder.php(1649): CodeIgniter\Database\BaseConnection->query('SELECT `orders`.*, `customers`.`nama_customer`
FROM `orders`
JOIN `customers` ON `customers`.`id_customer` = `orders`.`id_customer`
WHERE `order_date` >= :order_date:
AND `order_date` <= :order_date.1:
ORDER BY `orders`.`order_date` DESC', [...], false)
 4 SYSTEMPATH\Model.php(286): CodeIgniter\Database\BaseBuilder->get()
 5 SYSTEMPATH\BaseModel.php(677): CodeIgniter\Model->doFindAll(0, 0)
 6 APPPATH\Controllers\Report.php(24): CodeIgniter\BaseModel->findAll()
 7 SYSTEMPATH\CodeIgniter.php(933): App\Controllers\Report->sales()
 8 SYSTEMPATH\CodeIgniter.php(507): CodeIgniter\CodeIgniter->runController(Object(App\Controllers\Report))
 9 SYSTEMPATH\CodeIgniter.php(354): CodeIgniter\CodeIgniter->handleRequest(null, Object(Config\Cache), false)
10 SYSTEMPATH\Boot.php(363): CodeIgniter\CodeIgniter->run()
11 SYSTEMPATH\Boot.php(68): CodeIgniter\Boot::runCodeIgniter(Object(CodeIgniter\CodeIgniter))
12 FCPATH\index.php(59): CodeIgniter\Boot::bootWeb(Object(Config\Paths))
CRITICAL - 2026-01-04 02:31:27 --> [Caused by] mysqli_sql_exception: Unknown column 'customers.nama_customer' in 'field list'
in SYSTEMPATH\Database\MySQLi\Connection.php on line 327.
 1 SYSTEMPATH\Database\MySQLi\Connection.php(327): mysqli->query('SELECT `orders`.*, `customers`.`nama_customer`
FROM `orders`
JOIN `customers` ON `customers`.`id_customer` = `orders`.`id_customer`
WHERE `order_date` >= \'2026-01-01 00:00:00\'
AND `order_date` <= \'2026-01-04 23:59:59\'
ORDER BY `orders`.`order_date` DESC', 0)
 2 SYSTEMPATH\Database\BaseConnection.php(729): CodeIgniter\Database\MySQLi\Connection->execute('SELECT `orders`.*, `customers`.`nama_customer`
FROM `orders`
JOIN `customers` ON `customers`.`id_customer` = `orders`.`id_customer`
WHERE `order_date` >= \'2026-01-01 00:00:00\'
AND `order_date` <= \'2026-01-04 23:59:59\'
ORDER BY `orders`.`order_date` DESC')
 3 SYSTEMPATH\Database\BaseConnection.php(646): CodeIgniter\Database\BaseConnection->simpleQuery('SELECT `orders`.*, `customers`.`nama_customer`
FROM `orders`
JOIN `customers` ON `customers`.`id_customer` = `orders`.`id_customer`
WHERE `order_date` >= \'2026-01-01 00:00:00\'
AND `order_date` <= \'2026-01-04 23:59:59\'
ORDER BY `orders`.`order_date` DESC')
 4 SYSTEMPATH\Database\BaseBuilder.php(1649): CodeIgniter\Database\BaseConnection->query('SELECT `orders`.*, `customers`.`nama_customer`
FROM `orders`
JOIN `customers` ON `customers`.`id_customer` = `orders`.`id_customer`
WHERE `order_date` >= :order_date:
AND `order_date` <= :order_date.1:
ORDER BY `orders`.`order_date` DESC', [...], false)
 5 SYSTEMPATH\Model.php(286): CodeIgniter\Database\BaseBuilder->get()
 6 SYSTEMPATH\BaseModel.php(677): CodeIgniter\Model->doFindAll(0, 0)
 7 APPPATH\Controllers\Report.php(24): CodeIgniter\BaseModel->findAll()
 8 SYSTEMPATH\CodeIgniter.php(933): App\Controllers\Report->sales()
 9 SYSTEMPATH\CodeIgniter.php(507): CodeIgniter\CodeIgniter->runController(Object(App\Controllers\Report))
10 SYSTEMPATH\CodeIgniter.php(354): CodeIgniter\CodeIgniter->handleRequest(null, Object(Config\Cache), false)
11 SYSTEMPATH\Boot.php(363): CodeIgniter\CodeIgniter->run()
12 SYSTEMPATH\Boot.php(68): CodeIgniter\Boot::runCodeIgniter(Object(CodeIgniter\CodeIgniter))
13 FCPATH\index.php(59): CodeIgniter\Boot::bootWeb(Object(Config\Paths))
ERROR - 2026-01-04 02:31:28 --> mysqli_sql_exception: Unknown column 'customers.nama_customer' in 'field list' in C:\xampp\htdocs\rendi\system\Database\MySQLi\Connection.php:327
Stack trace:
#0 C:\xampp\htdocs\rendi\system\Database\MySQLi\Connection.php(327): mysqli->query('SELECT `orders`...', 0)
#1 C:\xampp\htdocs\rendi\system\Database\BaseConnection.php(729): CodeIgniter\Database\MySQLi\Connection->execute('SELECT `orders`...')
#2 C:\xampp\htdocs\rendi\system\Database\BaseConnection.php(646): CodeIgniter\Database\BaseConnection->simpleQuery('SELECT `orders`...')
#3 C:\xampp\htdocs\rendi\system\Database\BaseBuilder.php(1649): CodeIgniter\Database\BaseConnection->query('SELECT `orders`...', Array, false)
#4 C:\xampp\htdocs\rendi\system\Model.php(286): CodeIgniter\Database\BaseBuilder->get()
#5 C:\xampp\htdocs\rendi\system\BaseModel.php(677): CodeIgniter\Model->doFindAll(0, 0)
#6 C:\xampp\htdocs\rendi\app\Controllers\Report.php(24): CodeIgniter\BaseModel->findAll()
#7 C:\xampp\htdocs\rendi\system\CodeIgniter.php(933): App\Controllers\Report->sales()
#8 C:\xampp\htdocs\rendi\system\CodeIgniter.php(507): CodeIgniter\CodeIgniter->runController(Object(App\Controllers\Report))
#9 C:\xampp\htdocs\rendi\system\CodeIgniter.php(354): CodeIgniter\CodeIgniter->handleRequest(NULL, Object(Config\Cache), false)
#10 C:\xampp\htdocs\rendi\system\Boot.php(363): CodeIgniter\CodeIgniter->run()
#11 C:\xampp\htdocs\rendi\system\Boot.php(68): CodeIgniter\Boot::runCodeIgniter(Object(CodeIgniter\CodeIgniter))
#12 C:\xampp\htdocs\rendi\public\index.php(59): CodeIgniter\Boot::bootWeb(Object(Config\Paths))
#13 {main}
CRITICAL - 2026-01-04 02:31:28 --> CodeIgniter\Database\Exceptions\DatabaseException: Unknown column 'customers.nama_customer' in 'field list'
[Method: GET, Route: report/sales]
in SYSTEMPATH\Database\BaseConnection.php on line 684.
 1 SYSTEMPATH\Database\BaseBuilder.php(1649): CodeIgniter\Database\BaseConnection->query('SELECT `orders`.*, `customers`.`nama_customer`
FROM `orders`
JOIN `customers` ON `customers`.`id_customer` = `orders`.`id_customer`
WHERE `order_date` >= :order_date:
AND `order_date` <= :order_date.1:
ORDER BY `orders`.`order_date` DESC', [...], false)
 2 SYSTEMPATH\Model.php(286): CodeIgniter\Database\BaseBuilder->get()
 3 SYSTEMPATH\BaseModel.php(677): CodeIgniter\Model->doFindAll(0, 0)
 4 APPPATH\Controllers\Report.php(24): CodeIgniter\BaseModel->findAll()
 5 SYSTEMPATH\CodeIgniter.php(933): App\Controllers\Report->sales()
 6 SYSTEMPATH\CodeIgniter.php(507): CodeIgniter\CodeIgniter->runController(Object(App\Controllers\Report))
 7 SYSTEMPATH\CodeIgniter.php(354): CodeIgniter\CodeIgniter->handleRequest(null, Object(Config\Cache), false)
 8 SYSTEMPATH\Boot.php(363): CodeIgniter\CodeIgniter->run()
 9 SYSTEMPATH\Boot.php(68): CodeIgniter\Boot::runCodeIgniter(Object(CodeIgniter\CodeIgniter))
10 FCPATH\index.php(59): CodeIgniter\Boot::bootWeb(Object(Config\Paths))
CRITICAL - 2026-01-04 02:31:28 --> [Caused by] CodeIgniter\Database\Exceptions\DatabaseException: Unknown column 'customers.nama_customer' in 'field list'
in SYSTEMPATH\Database\MySQLi\Connection.php on line 332.
 1 SYSTEMPATH\Database\BaseConnection.php(729): CodeIgniter\Database\MySQLi\Connection->execute('SELECT `orders`.*, `customers`.`nama_customer`
FROM `orders`
JOIN `customers` ON `customers`.`id_customer` = `orders`.`id_customer`
WHERE `order_date` >= \'2026-01-01 00:00:00\'
AND `order_date` <= \'2026-01-04 23:59:59\'
ORDER BY `orders`.`order_date` DESC')
 2 SYSTEMPATH\Database\BaseConnection.php(646): CodeIgniter\Database\BaseConnection->simpleQuery('SELECT `orders`.*, `customers`.`nama_customer`
FROM `orders`
JOIN `customers` ON `customers`.`id_customer` = `orders`.`id_customer`
WHERE `order_date` >= \'2026-01-01 00:00:00\'
AND `order_date` <= \'2026-01-04 23:59:59\'
ORDER BY `orders`.`order_date` DESC')
 3 SYSTEMPATH\Database\BaseBuilder.php(1649): CodeIgniter\Database\BaseConnection->query('SELECT `orders`.*, `customers`.`nama_customer`
FROM `orders`
JOIN `customers` ON `customers`.`id_customer` = `orders`.`id_customer`
WHERE `order_date` >= :order_date:
AND `order_date` <= :order_date.1:
ORDER BY `orders`.`order_date` DESC', [...], false)
 4 SYSTEMPATH\Model.php(286): CodeIgniter\Database\BaseBuilder->get()
 5 SYSTEMPATH\BaseModel.php(677): CodeIgniter\Model->doFindAll(0, 0)
 6 APPPATH\Controllers\Report.php(24): CodeIgniter\BaseModel->findAll()
 7 SYSTEMPATH\CodeIgniter.php(933): App\Controllers\Report->sales()
 8 SYSTEMPATH\CodeIgniter.php(507): CodeIgniter\CodeIgniter->runController(Object(App\Controllers\Report))
 9 SYSTEMPATH\CodeIgniter.php(354): CodeIgniter\CodeIgniter->handleRequest(null, Object(Config\Cache), false)
10 SYSTEMPATH\Boot.php(363): CodeIgniter\CodeIgniter->run()
11 SYSTEMPATH\Boot.php(68): CodeIgniter\Boot::runCodeIgniter(Object(CodeIgniter\CodeIgniter))
12 FCPATH\index.php(59): CodeIgniter\Boot::bootWeb(Object(Config\Paths))
CRITICAL - 2026-01-04 02:31:28 --> [Caused by] mysqli_sql_exception: Unknown column 'customers.nama_customer' in 'field list'
in SYSTEMPATH\Database\MySQLi\Connection.php on line 327.
 1 SYSTEMPATH\Database\MySQLi\Connection.php(327): mysqli->query('SELECT `orders`.*, `customers`.`nama_customer`
FROM `orders`
JOIN `customers` ON `customers`.`id_customer` = `orders`.`id_customer`
WHERE `order_date` >= \'2026-01-01 00:00:00\'
AND `order_date` <= \'2026-01-04 23:59:59\'
ORDER BY `orders`.`order_date` DESC', 0)
 2 SYSTEMPATH\Database\BaseConnection.php(729): CodeIgniter\Database\MySQLi\Connection->execute('SELECT `orders`.*, `customers`.`nama_customer`
FROM `orders`
JOIN `customers` ON `customers`.`id_customer` = `orders`.`id_customer`
WHERE `order_date` >= \'2026-01-01 00:00:00\'
AND `order_date` <= \'2026-01-04 23:59:59\'
ORDER BY `orders`.`order_date` DESC')
 3 SYSTEMPATH\Database\BaseConnection.php(646): CodeIgniter\Database\BaseConnection->simpleQuery('SELECT `orders`.*, `customers`.`nama_customer`
FROM `orders`
JOIN `customers` ON `customers`.`id_customer` = `orders`.`id_customer`
WHERE `order_date` >= \'2026-01-01 00:00:00\'
AND `order_date` <= \'2026-01-04 23:59:59\'
ORDER BY `orders`.`order_date` DESC')
 4 SYSTEMPATH\Database\BaseBuilder.php(1649): CodeIgniter\Database\BaseConnection->query('SELECT `orders`.*, `customers`.`nama_customer`
FROM `orders`
JOIN `customers` ON `customers`.`id_customer` = `orders`.`id_customer`
WHERE `order_date` >= :order_date:
AND `order_date` <= :order_date.1:
ORDER BY `orders`.`order_date` DESC', [...], false)
 5 SYSTEMPATH\Model.php(286): CodeIgniter\Database\BaseBuilder->get()
 6 SYSTEMPATH\BaseModel.php(677): CodeIgniter\Model->doFindAll(0, 0)
 7 APPPATH\Controllers\Report.php(24): CodeIgniter\BaseModel->findAll()
 8 SYSTEMPATH\CodeIgniter.php(933): App\Controllers\Report->sales()
 9 SYSTEMPATH\CodeIgniter.php(507): CodeIgniter\CodeIgniter->runController(Object(App\Controllers\Report))
10 SYSTEMPATH\CodeIgniter.php(354): CodeIgniter\CodeIgniter->handleRequest(null, Object(Config\Cache), false)
11 SYSTEMPATH\Boot.php(363): CodeIgniter\CodeIgniter->run()
12 SYSTEMPATH\Boot.php(68): CodeIgniter\Boot::runCodeIgniter(Object(CodeIgniter\CodeIgniter))
13 FCPATH\index.php(59): CodeIgniter\Boot::bootWeb(Object(Config\Paths))
DEBUG - 2026-01-04 02:31:29 --> Session: Class initialized using 'CodeIgniter\Session\Handlers\FileHandler' driver.
DEBUG - 2026-01-04 02:31:34 --> Session: Class initialized using 'CodeIgniter\Session\Handlers\FileHandler' driver.
ERROR - 2026-01-04 02:31:50 --> mysqli_sql_exception: Unknown column 'customers.nama_customer' in 'field list' in C:\xampp\htdocs\rendi\system\Database\MySQLi\Connection.php:327
Stack trace:
#0 C:\xampp\htdocs\rendi\system\Database\MySQLi\Connection.php(327): mysqli->query('SELECT `orders`...', 0)
#1 C:\xampp\htdocs\rendi\system\Database\BaseConnection.php(729): CodeIgniter\Database\MySQLi\Connection->execute('SELECT `orders`...')
#2 C:\xampp\htdocs\rendi\system\Database\BaseConnection.php(646): CodeIgniter\Database\BaseConnection->simpleQuery('SELECT `orders`...')
#3 C:\xampp\htdocs\rendi\system\Database\BaseBuilder.php(1649): CodeIgniter\Database\BaseConnection->query('SELECT `orders`...', Array, false)
#4 C:\xampp\htdocs\rendi\system\Model.php(286): CodeIgniter\Database\BaseBuilder->get()
#5 C:\xampp\htdocs\rendi\system\BaseModel.php(677): CodeIgniter\Model->doFindAll(0, 0)
#6 C:\xampp\htdocs\rendi\app\Controllers\Report.php(24): CodeIgniter\BaseModel->findAll()
#7 C:\xampp\htdocs\rendi\system\CodeIgniter.php(933): App\Controllers\Report->sales()
#8 C:\xampp\htdocs\rendi\system\CodeIgniter.php(507): CodeIgniter\CodeIgniter->runController(Object(App\Controllers\Report))
#9 C:\xampp\htdocs\rendi\system\CodeIgniter.php(354): CodeIgniter\CodeIgniter->handleRequest(NULL, Object(Config\Cache), false)
#10 C:\xampp\htdocs\rendi\system\Boot.php(363): CodeIgniter\CodeIgniter->run()
#11 C:\xampp\htdocs\rendi\system\Boot.php(68): CodeIgniter\Boot::runCodeIgniter(Object(CodeIgniter\CodeIgniter))
#12 C:\xampp\htdocs\rendi\public\index.php(59): CodeIgniter\Boot::bootWeb(Object(Config\Paths))
#13 {main}
CRITICAL - 2026-01-04 02:31:50 --> CodeIgniter\Database\Exceptions\DatabaseException: Unknown column 'customers.nama_customer' in 'field list'
[Method: GET, Route: report/sales]
in SYSTEMPATH\Database\BaseConnection.php on line 684.
 1 SYSTEMPATH\Database\BaseBuilder.php(1649): CodeIgniter\Database\BaseConnection->query('SELECT `orders`.*, `customers`.`nama_customer`
FROM `orders`
JOIN `customers` ON `customers`.`id_customer` = `orders`.`id_customer`
WHERE `order_date` >= :order_date:
AND `order_date` <= :order_date.1:
ORDER BY `orders`.`order_date` DESC', [...], false)
 2 SYSTEMPATH\Model.php(286): CodeIgniter\Database\BaseBuilder->get()
 3 SYSTEMPATH\BaseModel.php(677): CodeIgniter\Model->doFindAll(0, 0)
 4 APPPATH\Controllers\Report.php(24): CodeIgniter\BaseModel->findAll()
 5 SYSTEMPATH\CodeIgniter.php(933): App\Controllers\Report->sales()
 6 SYSTEMPATH\CodeIgniter.php(507): CodeIgniter\CodeIgniter->runController(Object(App\Controllers\Report))
 7 SYSTEMPATH\CodeIgniter.php(354): CodeIgniter\CodeIgniter->handleRequest(null, Object(Config\Cache), false)
 8 SYSTEMPATH\Boot.php(363): CodeIgniter\CodeIgniter->run()
 9 SYSTEMPATH\Boot.php(68): CodeIgniter\Boot::runCodeIgniter(Object(CodeIgniter\CodeIgniter))
10 FCPATH\index.php(59): CodeIgniter\Boot::bootWeb(Object(Config\Paths))
CRITICAL - 2026-01-04 02:31:50 --> [Caused by] CodeIgniter\Database\Exceptions\DatabaseException: Unknown column 'customers.nama_customer' in 'field list'
in SYSTEMPATH\Database\MySQLi\Connection.php on line 332.
 1 SYSTEMPATH\Database\BaseConnection.php(729): CodeIgniter\Database\MySQLi\Connection->execute('SELECT `orders`.*, `customers`.`nama_customer`
FROM `orders`
JOIN `customers` ON `customers`.`id_customer` = `orders`.`id_customer`
WHERE `order_date` >= \'2026-01-01 00:00:00\'
AND `order_date` <= \'2026-01-04 23:59:59\'
ORDER BY `orders`.`order_date` DESC')
 2 SYSTEMPATH\Database\BaseConnection.php(646): CodeIgniter\Database\BaseConnection->simpleQuery('SELECT `orders`.*, `customers`.`nama_customer`
FROM `orders`
JOIN `customers` ON `customers`.`id_customer` = `orders`.`id_customer`
WHERE `order_date` >= \'2026-01-01 00:00:00\'
AND `order_date` <= \'2026-01-04 23:59:59\'
ORDER BY `orders`.`order_date` DESC')
 3 SYSTEMPATH\Database\BaseBuilder.php(1649): CodeIgniter\Database\BaseConnection->query('SELECT `orders`.*, `customers`.`nama_customer`
FROM `orders`
JOIN `customers` ON `customers`.`id_customer` = `orders`.`id_customer`
WHERE `order_date` >= :order_date:
AND `order_date` <= :order_date.1:
ORDER BY `orders`.`order_date` DESC', [...], false)
 4 SYSTEMPATH\Model.php(286): CodeIgniter\Database\BaseBuilder->get()
 5 SYSTEMPATH\BaseModel.php(677): CodeIgniter\Model->doFindAll(0, 0)
 6 APPPATH\Controllers\Report.php(24): CodeIgniter\BaseModel->findAll()
 7 SYSTEMPATH\CodeIgniter.php(933): App\Controllers\Report->sales()
 8 SYSTEMPATH\CodeIgniter.php(507): CodeIgniter\CodeIgniter->runController(Object(App\Controllers\Report))
 9 SYSTEMPATH\CodeIgniter.php(354): CodeIgniter\CodeIgniter->handleRequest(null, Object(Config\Cache), false)
10 SYSTEMPATH\Boot.php(363): CodeIgniter\CodeIgniter->run()
11 SYSTEMPATH\Boot.php(68): CodeIgniter\Boot::runCodeIgniter(Object(CodeIgniter\CodeIgniter))
12 FCPATH\index.php(59): CodeIgniter\Boot::bootWeb(Object(Config\Paths))
CRITICAL - 2026-01-04 02:31:50 --> [Caused by] mysqli_sql_exception: Unknown column 'customers.nama_customer' in 'field list'
in SYSTEMPATH\Database\MySQLi\Connection.php on line 327.
 1 SYSTEMPATH\Database\MySQLi\Connection.php(327): mysqli->query('SELECT `orders`.*, `customers`.`nama_customer`
FROM `orders`
JOIN `customers` ON `customers`.`id_customer` = `orders`.`id_customer`
WHERE `order_date` >= \'2026-01-01 00:00:00\'
AND `order_date` <= \'2026-01-04 23:59:59\'
ORDER BY `orders`.`order_date` DESC', 0)
 2 SYSTEMPATH\Database\BaseConnection.php(729): CodeIgniter\Database\MySQLi\Connection->execute('SELECT `orders`.*, `customers`.`nama_customer`
FROM `orders`
JOIN `customers` ON `customers`.`id_customer` = `orders`.`id_customer`
WHERE `order_date` >= \'2026-01-01 00:00:00\'
AND `order_date` <= \'2026-01-04 23:59:59\'
ORDER BY `orders`.`order_date` DESC')
 3 SYSTEMPATH\Database\BaseConnection.php(646): CodeIgniter\Database\BaseConnection->simpleQuery('SELECT `orders`.*, `customers`.`nama_customer`
FROM `orders`
JOIN `customers` ON `customers`.`id_customer` = `orders`.`id_customer`
WHERE `order_date` >= \'2026-01-01 00:00:00\'
AND `order_date` <= \'2026-01-04 23:59:59\'
ORDER BY `orders`.`order_date` DESC')
 4 SYSTEMPATH\Database\BaseBuilder.php(1649): CodeIgniter\Database\BaseConnection->query('SELECT `orders`.*, `customers`.`nama_customer`
FROM `orders`
JOIN `customers` ON `customers`.`id_customer` = `orders`.`id_customer`
WHERE `order_date` >= :order_date:
AND `order_date` <= :order_date.1:
ORDER BY `orders`.`order_date` DESC', [...], false)
 5 SYSTEMPATH\Model.php(286): CodeIgniter\Database\BaseBuilder->get()
 6 SYSTEMPATH\BaseModel.php(677): CodeIgniter\Model->doFindAll(0, 0)
 7 APPPATH\Controllers\Report.php(24): CodeIgniter\BaseModel->findAll()
 8 SYSTEMPATH\CodeIgniter.php(933): App\Controllers\Report->sales()
 9 SYSTEMPATH\CodeIgniter.php(507): CodeIgniter\CodeIgniter->runController(Object(App\Controllers\Report))
10 SYSTEMPATH\CodeIgniter.php(354): CodeIgniter\CodeIgniter->handleRequest(null, Object(Config\Cache), false)
11 SYSTEMPATH\Boot.php(363): CodeIgniter\CodeIgniter->run()
12 SYSTEMPATH\Boot.php(68): CodeIgniter\Boot::runCodeIgniter(Object(CodeIgniter\CodeIgniter))
13 FCPATH\index.php(59): CodeIgniter\Boot::bootWeb(Object(Config\Paths))
ERROR - 2026-01-04 02:32:29 --> mysqli_sql_exception: Unknown column 'customers.nama' in 'field list' in C:\xampp\htdocs\rendi\system\Database\MySQLi\Connection.php:327
Stack trace:
#0 C:\xampp\htdocs\rendi\system\Database\MySQLi\Connection.php(327): mysqli->query('SELECT `orders`...', 0)
#1 C:\xampp\htdocs\rendi\system\Database\BaseConnection.php(729): CodeIgniter\Database\MySQLi\Connection->execute('SELECT `orders`...')
#2 C:\xampp\htdocs\rendi\system\Database\BaseConnection.php(646): CodeIgniter\Database\BaseConnection->simpleQuery('SELECT `orders`...')
#3 C:\xampp\htdocs\rendi\system\Database\BaseBuilder.php(1649): CodeIgniter\Database\BaseConnection->query('SELECT `orders`...', Array, false)
#4 C:\xampp\htdocs\rendi\system\Model.php(286): CodeIgniter\Database\BaseBuilder->get()
#5 C:\xampp\htdocs\rendi\system\BaseModel.php(677): CodeIgniter\Model->doFindAll(0, 0)
#6 C:\xampp\htdocs\rendi\app\Controllers\Report.php(22): CodeIgniter\BaseModel->findAll()
#7 C:\xampp\htdocs\rendi\system\CodeIgniter.php(933): App\Controllers\Report->sales()
#8 C:\xampp\htdocs\rendi\system\CodeIgniter.php(507): CodeIgniter\CodeIgniter->runController(Object(App\Controllers\Report))
#9 C:\xampp\htdocs\rendi\system\CodeIgniter.php(354): CodeIgniter\CodeIgniter->handleRequest(NULL, Object(Config\Cache), false)
#10 C:\xampp\htdocs\rendi\system\Boot.php(363): CodeIgniter\CodeIgniter->run()
#11 C:\xampp\htdocs\rendi\system\Boot.php(68): CodeIgniter\Boot::runCodeIgniter(Object(CodeIgniter\CodeIgniter))
#12 C:\xampp\htdocs\rendi\public\index.php(59): CodeIgniter\Boot::bootWeb(Object(Config\Paths))
#13 {main}
CRITICAL - 2026-01-04 02:32:29 --> CodeIgniter\Database\Exceptions\DatabaseException: Unknown column 'customers.nama' in 'field list'
[Method: GET, Route: report/sales]
in SYSTEMPATH\Database\BaseConnection.php on line 684.
 1 SYSTEMPATH\Database\BaseBuilder.php(1649): CodeIgniter\Database\BaseConnection->query('SELECT `orders`.*, `customers`.`nama` AS `nama_pelanggan`
FROM `orders`
JOIN `customers` ON `customers`.`id_customer` = `orders`.`id_customer`
WHERE `order_date` >= :order_date:
AND `order_date` <= :order_date.1:
ORDER BY `orders`.`order_date` DESC', [...], false)
 2 SYSTEMPATH\Model.php(286): CodeIgniter\Database\BaseBuilder->get()
 3 SYSTEMPATH\BaseModel.php(677): CodeIgniter\Model->doFindAll(0, 0)
 4 APPPATH\Controllers\Report.php(22): CodeIgniter\BaseModel->findAll()
 5 SYSTEMPATH\CodeIgniter.php(933): App\Controllers\Report->sales()
 6 SYSTEMPATH\CodeIgniter.php(507): CodeIgniter\CodeIgniter->runController(Object(App\Controllers\Report))
 7 SYSTEMPATH\CodeIgniter.php(354): CodeIgniter\CodeIgniter->handleRequest(null, Object(Config\Cache), false)
 8 SYSTEMPATH\Boot.php(363): CodeIgniter\CodeIgniter->run()
 9 SYSTEMPATH\Boot.php(68): CodeIgniter\Boot::runCodeIgniter(Object(CodeIgniter\CodeIgniter))
10 FCPATH\index.php(59): CodeIgniter\Boot::bootWeb(Object(Config\Paths))
CRITICAL - 2026-01-04 02:32:29 --> [Caused by] CodeIgniter\Database\Exceptions\DatabaseException: Unknown column 'customers.nama' in 'field list'
in SYSTEMPATH\Database\MySQLi\Connection.php on line 332.
 1 SYSTEMPATH\Database\BaseConnection.php(729): CodeIgniter\Database\MySQLi\Connection->execute('SELECT `orders`.*, `customers`.`nama` AS `nama_pelanggan`
FROM `orders`
JOIN `customers` ON `customers`.`id_customer` = `orders`.`id_customer`
WHERE `order_date` >= \'2026-01-01 00:00:00\'
AND `order_date` <= \'2026-01-04 23:59:59\'
ORDER BY `orders`.`order_date` DESC')
 2 SYSTEMPATH\Database\BaseConnection.php(646): CodeIgniter\Database\BaseConnection->simpleQuery('SELECT `orders`.*, `customers`.`nama` AS `nama_pelanggan`
FROM `orders`
JOIN `customers` ON `customers`.`id_customer` = `orders`.`id_customer`
WHERE `order_date` >= \'2026-01-01 00:00:00\'
AND `order_date` <= \'2026-01-04 23:59:59\'
ORDER BY `orders`.`order_date` DESC')
 3 SYSTEMPATH\Database\BaseBuilder.php(1649): CodeIgniter\Database\BaseConnection->query('SELECT `orders`.*, `customers`.`nama` AS `nama_pelanggan`
FROM `orders`
JOIN `customers` ON `customers`.`id_customer` = `orders`.`id_customer`
WHERE `order_date` >= :order_date:
AND `order_date` <= :order_date.1:
ORDER BY `orders`.`order_date` DESC', [...], false)
 4 SYSTEMPATH\Model.php(286): CodeIgniter\Database\BaseBuilder->get()
 5 SYSTEMPATH\BaseModel.php(677): CodeIgniter\Model->doFindAll(0, 0)
 6 APPPATH\Controllers\Report.php(22): CodeIgniter\BaseModel->findAll()
 7 SYSTEMPATH\CodeIgniter.php(933): App\Controllers\Report->sales()
 8 SYSTEMPATH\CodeIgniter.php(507): CodeIgniter\CodeIgniter->runController(Object(App\Controllers\Report))
 9 SYSTEMPATH\CodeIgniter.php(354): CodeIgniter\CodeIgniter->handleRequest(null, Object(Config\Cache), false)
10 SYSTEMPATH\Boot.php(363): CodeIgniter\CodeIgniter->run()
11 SYSTEMPATH\Boot.php(68): CodeIgniter\Boot::runCodeIgniter(Object(CodeIgniter\CodeIgniter))
12 FCPATH\index.php(59): CodeIgniter\Boot::bootWeb(Object(Config\Paths))
CRITICAL - 2026-01-04 02:32:29 --> [Caused by] mysqli_sql_exception: Unknown column 'customers.nama' in 'field list'
in SYSTEMPATH\Database\MySQLi\Connection.php on line 327.
 1 SYSTEMPATH\Database\MySQLi\Connection.php(327): mysqli->query('SELECT `orders`.*, `customers`.`nama` AS `nama_pelanggan`
FROM `orders`
JOIN `customers` ON `customers`.`id_customer` = `orders`.`id_customer`
WHERE `order_date` >= \'2026-01-01 00:00:00\'
AND `order_date` <= \'2026-01-04 23:59:59\'
ORDER BY `orders`.`order_date` DESC', 0)
 2 SYSTEMPATH\Database\BaseConnection.php(729): CodeIgniter\Database\MySQLi\Connection->execute('SELECT `orders`.*, `customers`.`nama` AS `nama_pelanggan`
FROM `orders`
JOIN `customers` ON `customers`.`id_customer` = `orders`.`id_customer`
WHERE `order_date` >= \'2026-01-01 00:00:00\'
AND `order_date` <= \'2026-01-04 23:59:59\'
ORDER BY `orders`.`order_date` DESC')
 3 SYSTEMPATH\Database\BaseConnection.php(646): CodeIgniter\Database\BaseConnection->simpleQuery('SELECT `orders`.*, `customers`.`nama` AS `nama_pelanggan`
FROM `orders`
JOIN `customers` ON `customers`.`id_customer` = `orders`.`id_customer`
WHERE `order_date` >= \'2026-01-01 00:00:00\'
AND `order_date` <= \'2026-01-04 23:59:59\'
ORDER BY `orders`.`order_date` DESC')
 4 SYSTEMPATH\Database\BaseBuilder.php(1649): CodeIgniter\Database\BaseConnection->query('SELECT `orders`.*, `customers`.`nama` AS `nama_pelanggan`
FROM `orders`
JOIN `customers` ON `customers`.`id_customer` = `orders`.`id_customer`
WHERE `order_date` >= :order_date:
AND `order_date` <= :order_date.1:
ORDER BY `orders`.`order_date` DESC', [...], false)
 5 SYSTEMPATH\Model.php(286): CodeIgniter\Database\BaseBuilder->get()
 6 SYSTEMPATH\BaseModel.php(677): CodeIgniter\Model->doFindAll(0, 0)
 7 APPPATH\Controllers\Report.php(22): CodeIgniter\BaseModel->findAll()
 8 SYSTEMPATH\CodeIgniter.php(933): App\Controllers\Report->sales()
 9 SYSTEMPATH\CodeIgniter.php(507): CodeIgniter\CodeIgniter->runController(Object(App\Controllers\Report))
10 SYSTEMPATH\CodeIgniter.php(354): CodeIgniter\CodeIgniter->handleRequest(null, Object(Config\Cache), false)
11 SYSTEMPATH\Boot.php(363): CodeIgniter\CodeIgniter->run()
12 SYSTEMPATH\Boot.php(68): CodeIgniter\Boot::runCodeIgniter(Object(CodeIgniter\CodeIgniter))
13 FCPATH\index.php(59): CodeIgniter\Boot::bootWeb(Object(Config\Paths))
ERROR - 2026-01-04 02:32:30 --> mysqli_sql_exception: Unknown column 'customers.nama' in 'field list' in C:\xampp\htdocs\rendi\system\Database\MySQLi\Connection.php:327
Stack trace:
#0 C:\xampp\htdocs\rendi\system\Database\MySQLi\Connection.php(327): mysqli->query('SELECT `orders`...', 0)
#1 C:\xampp\htdocs\rendi\system\Database\BaseConnection.php(729): CodeIgniter\Database\MySQLi\Connection->execute('SELECT `orders`...')
#2 C:\xampp\htdocs\rendi\system\Database\BaseConnection.php(646): CodeIgniter\Database\BaseConnection->simpleQuery('SELECT `orders`...')
#3 C:\xampp\htdocs\rendi\system\Database\BaseBuilder.php(1649): CodeIgniter\Database\BaseConnection->query('SELECT `orders`...', Array, false)
#4 C:\xampp\htdocs\rendi\system\Model.php(286): CodeIgniter\Database\BaseBuilder->get()
#5 C:\xampp\htdocs\rendi\system\BaseModel.php(677): CodeIgniter\Model->doFindAll(0, 0)
#6 C:\xampp\htdocs\rendi\app\Controllers\Report.php(22): CodeIgniter\BaseModel->findAll()
#7 C:\xampp\htdocs\rendi\system\CodeIgniter.php(933): App\Controllers\Report->sales()
#8 C:\xampp\htdocs\rendi\system\CodeIgniter.php(507): CodeIgniter\CodeIgniter->runController(Object(App\Controllers\Report))
#9 C:\xampp\htdocs\rendi\system\CodeIgniter.php(354): CodeIgniter\CodeIgniter->handleRequest(NULL, Object(Config\Cache), false)
#10 C:\xampp\htdocs\rendi\system\Boot.php(363): CodeIgniter\CodeIgniter->run()
#11 C:\xampp\htdocs\rendi\system\Boot.php(68): CodeIgniter\Boot::runCodeIgniter(Object(CodeIgniter\CodeIgniter))
#12 C:\xampp\htdocs\rendi\public\index.php(59): CodeIgniter\Boot::bootWeb(Object(Config\Paths))
#13 {main}
CRITICAL - 2026-01-04 02:32:30 --> CodeIgniter\Database\Exceptions\DatabaseException: Unknown column 'customers.nama' in 'field list'
[Method: GET, Route: report/sales]
in SYSTEMPATH\Database\BaseConnection.php on line 684.
 1 SYSTEMPATH\Database\BaseBuilder.php(1649): CodeIgniter\Database\BaseConnection->query('SELECT `orders`.*, `customers`.`nama` AS `nama_pelanggan`
FROM `orders`
JOIN `customers` ON `customers`.`id_customer` = `orders`.`id_customer`
WHERE `order_date` >= :order_date:
AND `order_date` <= :order_date.1:
ORDER BY `orders`.`order_date` DESC', [...], false)
 2 SYSTEMPATH\Model.php(286): CodeIgniter\Database\BaseBuilder->get()
 3 SYSTEMPATH\BaseModel.php(677): CodeIgniter\Model->doFindAll(0, 0)
 4 APPPATH\Controllers\Report.php(22): CodeIgniter\BaseModel->findAll()
 5 SYSTEMPATH\CodeIgniter.php(933): App\Controllers\Report->sales()
 6 SYSTEMPATH\CodeIgniter.php(507): CodeIgniter\CodeIgniter->runController(Object(App\Controllers\Report))
 7 SYSTEMPATH\CodeIgniter.php(354): CodeIgniter\CodeIgniter->handleRequest(null, Object(Config\Cache), false)
 8 SYSTEMPATH\Boot.php(363): CodeIgniter\CodeIgniter->run()
 9 SYSTEMPATH\Boot.php(68): CodeIgniter\Boot::runCodeIgniter(Object(CodeIgniter\CodeIgniter))
10 FCPATH\index.php(59): CodeIgniter\Boot::bootWeb(Object(Config\Paths))
CRITICAL - 2026-01-04 02:32:30 --> [Caused by] CodeIgniter\Database\Exceptions\DatabaseException: Unknown column 'customers.nama' in 'field list'
in SYSTEMPATH\Database\MySQLi\Connection.php on line 332.
 1 SYSTEMPATH\Database\BaseConnection.php(729): CodeIgniter\Database\MySQLi\Connection->execute('SELECT `orders`.*, `customers`.`nama` AS `nama_pelanggan`
FROM `orders`
JOIN `customers` ON `customers`.`id_customer` = `orders`.`id_customer`
WHERE `order_date` >= \'2026-01-01 00:00:00\'
AND `order_date` <= \'2026-01-04 23:59:59\'
ORDER BY `orders`.`order_date` DESC')
 2 SYSTEMPATH\Database\BaseConnection.php(646): CodeIgniter\Database\BaseConnection->simpleQuery('SELECT `orders`.*, `customers`.`nama` AS `nama_pelanggan`
FROM `orders`
JOIN `customers` ON `customers`.`id_customer` = `orders`.`id_customer`
WHERE `order_date` >= \'2026-01-01 00:00:00\'
AND `order_date` <= \'2026-01-04 23:59:59\'
ORDER BY `orders`.`order_date` DESC')
 3 SYSTEMPATH\Database\BaseBuilder.php(1649): CodeIgniter\Database\BaseConnection->query('SELECT `orders`.*, `customers`.`nama` AS `nama_pelanggan`
FROM `orders`
JOIN `customers` ON `customers`.`id_customer` = `orders`.`id_customer`
WHERE `order_date` >= :order_date:
AND `order_date` <= :order_date.1:
ORDER BY `orders`.`order_date` DESC', [...], false)
 4 SYSTEMPATH\Model.php(286): CodeIgniter\Database\BaseBuilder->get()
 5 SYSTEMPATH\BaseModel.php(677): CodeIgniter\Model->doFindAll(0, 0)
 6 APPPATH\Controllers\Report.php(22): CodeIgniter\BaseModel->findAll()
 7 SYSTEMPATH\CodeIgniter.php(933): App\Controllers\Report->sales()
 8 SYSTEMPATH\CodeIgniter.php(507): CodeIgniter\CodeIgniter->runController(Object(App\Controllers\Report))
 9 SYSTEMPATH\CodeIgniter.php(354): CodeIgniter\CodeIgniter->handleRequest(null, Object(Config\Cache), false)
10 SYSTEMPATH\Boot.php(363): CodeIgniter\CodeIgniter->run()
11 SYSTEMPATH\Boot.php(68): CodeIgniter\Boot::runCodeIgniter(Object(CodeIgniter\CodeIgniter))
12 FCPATH\index.php(59): CodeIgniter\Boot::bootWeb(Object(Config\Paths))
CRITICAL - 2026-01-04 02:32:30 --> [Caused by] mysqli_sql_exception: Unknown column 'customers.nama' in 'field list'
in SYSTEMPATH\Database\MySQLi\Connection.php on line 327.
 1 SYSTEMPATH\Database\MySQLi\Connection.php(327): mysqli->query('SELECT `orders`.*, `customers`.`nama` AS `nama_pelanggan`
FROM `orders`
JOIN `customers` ON `customers`.`id_customer` = `orders`.`id_customer`
WHERE `order_date` >= \'2026-01-01 00:00:00\'
AND `order_date` <= \'2026-01-04 23:59:59\'
ORDER BY `orders`.`order_date` DESC', 0)
 2 SYSTEMPATH\Database\BaseConnection.php(729): CodeIgniter\Database\MySQLi\Connection->execute('SELECT `orders`.*, `customers`.`nama` AS `nama_pelanggan`
FROM `orders`
JOIN `customers` ON `customers`.`id_customer` = `orders`.`id_customer`
WHERE `order_date` >= \'2026-01-01 00:00:00\'
AND `order_date` <= \'2026-01-04 23:59:59\'
ORDER BY `orders`.`order_date` DESC')
 3 SYSTEMPATH\Database\BaseConnection.php(646): CodeIgniter\Database\BaseConnection->simpleQuery('SELECT `orders`.*, `customers`.`nama` AS `nama_pelanggan`
FROM `orders`
JOIN `customers` ON `customers`.`id_customer` = `orders`.`id_customer`
WHERE `order_date` >= \'2026-01-01 00:00:00\'
AND `order_date` <= \'2026-01-04 23:59:59\'
ORDER BY `orders`.`order_date` DESC')
 4 SYSTEMPATH\Database\BaseBuilder.php(1649): CodeIgniter\Database\BaseConnection->query('SELECT `orders`.*, `customers`.`nama` AS `nama_pelanggan`
FROM `orders`
JOIN `customers` ON `customers`.`id_customer` = `orders`.`id_customer`
WHERE `order_date` >= :order_date:
AND `order_date` <= :order_date.1:
ORDER BY `orders`.`order_date` DESC', [...], false)
 5 SYSTEMPATH\Model.php(286): CodeIgniter\Database\BaseBuilder->get()
 6 SYSTEMPATH\BaseModel.php(677): CodeIgniter\Model->doFindAll(0, 0)
 7 APPPATH\Controllers\Report.php(22): CodeIgniter\BaseModel->findAll()
 8 SYSTEMPATH\CodeIgniter.php(933): App\Controllers\Report->sales()
 9 SYSTEMPATH\CodeIgniter.php(507): CodeIgniter\CodeIgniter->runController(Object(App\Controllers\Report))
10 SYSTEMPATH\CodeIgniter.php(354): CodeIgniter\CodeIgniter->handleRequest(null, Object(Config\Cache), false)
11 SYSTEMPATH\Boot.php(363): CodeIgniter\CodeIgniter->run()
12 SYSTEMPATH\Boot.php(68): CodeIgniter\Boot::runCodeIgniter(Object(CodeIgniter\CodeIgniter))
13 FCPATH\index.php(59): CodeIgniter\Boot::bootWeb(Object(Config\Paths))
ERROR - 2026-01-04 02:32:31 --> mysqli_sql_exception: Unknown column 'customers.nama' in 'field list' in C:\xampp\htdocs\rendi\system\Database\MySQLi\Connection.php:327
Stack trace:
#0 C:\xampp\htdocs\rendi\system\Database\MySQLi\Connection.php(327): mysqli->query('SELECT `orders`...', 0)
#1 C:\xampp\htdocs\rendi\system\Database\BaseConnection.php(729): CodeIgniter\Database\MySQLi\Connection->execute('SELECT `orders`...')
#2 C:\xampp\htdocs\rendi\system\Database\BaseConnection.php(646): CodeIgniter\Database\BaseConnection->simpleQuery('SELECT `orders`...')
#3 C:\xampp\htdocs\rendi\system\Database\BaseBuilder.php(1649): CodeIgniter\Database\BaseConnection->query('SELECT `orders`...', Array, false)
#4 C:\xampp\htdocs\rendi\system\Model.php(286): CodeIgniter\Database\BaseBuilder->get()
#5 C:\xampp\htdocs\rendi\system\BaseModel.php(677): CodeIgniter\Model->doFindAll(0, 0)
#6 C:\xampp\htdocs\rendi\app\Controllers\Report.php(22): CodeIgniter\BaseModel->findAll()
#7 C:\xampp\htdocs\rendi\system\CodeIgniter.php(933): App\Controllers\Report->sales()
#8 C:\xampp\htdocs\rendi\system\CodeIgniter.php(507): CodeIgniter\CodeIgniter->runController(Object(App\Controllers\Report))
#9 C:\xampp\htdocs\rendi\system\CodeIgniter.php(354): CodeIgniter\CodeIgniter->handleRequest(NULL, Object(Config\Cache), false)
#10 C:\xampp\htdocs\rendi\system\Boot.php(363): CodeIgniter\CodeIgniter->run()
#11 C:\xampp\htdocs\rendi\system\Boot.php(68): CodeIgniter\Boot::runCodeIgniter(Object(CodeIgniter\CodeIgniter))
#12 C:\xampp\htdocs\rendi\public\index.php(59): CodeIgniter\Boot::bootWeb(Object(Config\Paths))
#13 {main}
CRITICAL - 2026-01-04 02:32:31 --> CodeIgniter\Database\Exceptions\DatabaseException: Unknown column 'customers.nama' in 'field list'
[Method: GET, Route: report/sales]
in SYSTEMPATH\Database\BaseConnection.php on line 684.
 1 SYSTEMPATH\Database\BaseBuilder.php(1649): CodeIgniter\Database\BaseConnection->query('SELECT `orders`.*, `customers`.`nama` AS `nama_pelanggan`
FROM `orders`
JOIN `customers` ON `customers`.`id_customer` = `orders`.`id_customer`
WHERE `order_date` >= :order_date:
AND `order_date` <= :order_date.1:
ORDER BY `orders`.`order_date` DESC', [...], false)
 2 SYSTEMPATH\Model.php(286): CodeIgniter\Database\BaseBuilder->get()
 3 SYSTEMPATH\BaseModel.php(677): CodeIgniter\Model->doFindAll(0, 0)
 4 APPPATH\Controllers\Report.php(22): CodeIgniter\BaseModel->findAll()
 5 SYSTEMPATH\CodeIgniter.php(933): App\Controllers\Report->sales()
 6 SYSTEMPATH\CodeIgniter.php(507): CodeIgniter\CodeIgniter->runController(Object(App\Controllers\Report))
 7 SYSTEMPATH\CodeIgniter.php(354): CodeIgniter\CodeIgniter->handleRequest(null, Object(Config\Cache), false)
 8 SYSTEMPATH\Boot.php(363): CodeIgniter\CodeIgniter->run()
 9 SYSTEMPATH\Boot.php(68): CodeIgniter\Boot::runCodeIgniter(Object(CodeIgniter\CodeIgniter))
10 FCPATH\index.php(59): CodeIgniter\Boot::bootWeb(Object(Config\Paths))
CRITICAL - 2026-01-04 02:32:31 --> [Caused by] CodeIgniter\Database\Exceptions\DatabaseException: Unknown column 'customers.nama' in 'field list'
in SYSTEMPATH\Database\MySQLi\Connection.php on line 332.
 1 SYSTEMPATH\Database\BaseConnection.php(729): CodeIgniter\Database\MySQLi\Connection->execute('SELECT `orders`.*, `customers`.`nama` AS `nama_pelanggan`
FROM `orders`
JOIN `customers` ON `customers`.`id_customer` = `orders`.`id_customer`
WHERE `order_date` >= \'2026-01-01 00:00:00\'
AND `order_date` <= \'2026-01-04 23:59:59\'
ORDER BY `orders`.`order_date` DESC')
 2 SYSTEMPATH\Database\BaseConnection.php(646): CodeIgniter\Database\BaseConnection->simpleQuery('SELECT `orders`.*, `customers`.`nama` AS `nama_pelanggan`
FROM `orders`
JOIN `customers` ON `customers`.`id_customer` = `orders`.`id_customer`
WHERE `order_date` >= \'2026-01-01 00:00:00\'
AND `order_date` <= \'2026-01-04 23:59:59\'
ORDER BY `orders`.`order_date` DESC')
 3 SYSTEMPATH\Database\BaseBuilder.php(1649): CodeIgniter\Database\BaseConnection->query('SELECT `orders`.*, `customers`.`nama` AS `nama_pelanggan`
FROM `orders`
JOIN `customers` ON `customers`.`id_customer` = `orders`.`id_customer`
WHERE `order_date` >= :order_date:
AND `order_date` <= :order_date.1:
ORDER BY `orders`.`order_date` DESC', [...], false)
 4 SYSTEMPATH\Model.php(286): CodeIgniter\Database\BaseBuilder->get()
 5 SYSTEMPATH\BaseModel.php(677): CodeIgniter\Model->doFindAll(0, 0)
 6 APPPATH\Controllers\Report.php(22): CodeIgniter\BaseModel->findAll()
 7 SYSTEMPATH\CodeIgniter.php(933): App\Controllers\Report->sales()
 8 SYSTEMPATH\CodeIgniter.php(507): CodeIgniter\CodeIgniter->runController(Object(App\Controllers\Report))
 9 SYSTEMPATH\CodeIgniter.php(354): CodeIgniter\CodeIgniter->handleRequest(null, Object(Config\Cache), false)
10 SYSTEMPATH\Boot.php(363): CodeIgniter\CodeIgniter->run()
11 SYSTEMPATH\Boot.php(68): CodeIgniter\Boot::runCodeIgniter(Object(CodeIgniter\CodeIgniter))
12 FCPATH\index.php(59): CodeIgniter\Boot::bootWeb(Object(Config\Paths))
CRITICAL - 2026-01-04 02:32:31 --> [Caused by] mysqli_sql_exception: Unknown column 'customers.nama' in 'field list'
in SYSTEMPATH\Database\MySQLi\Connection.php on line 327.
 1 SYSTEMPATH\Database\MySQLi\Connection.php(327): mysqli->query('SELECT `orders`.*, `customers`.`nama` AS `nama_pelanggan`
FROM `orders`
JOIN `customers` ON `customers`.`id_customer` = `orders`.`id_customer`
WHERE `order_date` >= \'2026-01-01 00:00:00\'
AND `order_date` <= \'2026-01-04 23:59:59\'
ORDER BY `orders`.`order_date` DESC', 0)
 2 SYSTEMPATH\Database\BaseConnection.php(729): CodeIgniter\Database\MySQLi\Connection->execute('SELECT `orders`.*, `customers`.`nama` AS `nama_pelanggan`
FROM `orders`
JOIN `customers` ON `customers`.`id_customer` = `orders`.`id_customer`
WHERE `order_date` >= \'2026-01-01 00:00:00\'
AND `order_date` <= \'2026-01-04 23:59:59\'
ORDER BY `orders`.`order_date` DESC')
 3 SYSTEMPATH\Database\BaseConnection.php(646): CodeIgniter\Database\BaseConnection->simpleQuery('SELECT `orders`.*, `customers`.`nama` AS `nama_pelanggan`
FROM `orders`
JOIN `customers` ON `customers`.`id_customer` = `orders`.`id_customer`
WHERE `order_date` >= \'2026-01-01 00:00:00\'
AND `order_date` <= \'2026-01-04 23:59:59\'
ORDER BY `orders`.`order_date` DESC')
 4 SYSTEMPATH\Database\BaseBuilder.php(1649): CodeIgniter\Database\BaseConnection->query('SELECT `orders`.*, `customers`.`nama` AS `nama_pelanggan`
FROM `orders`
JOIN `customers` ON `customers`.`id_customer` = `orders`.`id_customer`
WHERE `order_date` >= :order_date:
AND `order_date` <= :order_date.1:
ORDER BY `orders`.`order_date` DESC', [...], false)
 5 SYSTEMPATH\Model.php(286): CodeIgniter\Database\BaseBuilder->get()
 6 SYSTEMPATH\BaseModel.php(677): CodeIgniter\Model->doFindAll(0, 0)
 7 APPPATH\Controllers\Report.php(22): CodeIgniter\BaseModel->findAll()
 8 SYSTEMPATH\CodeIgniter.php(933): App\Controllers\Report->sales()
 9 SYSTEMPATH\CodeIgniter.php(507): CodeIgniter\CodeIgniter->runController(Object(App\Controllers\Report))
10 SYSTEMPATH\CodeIgniter.php(354): CodeIgniter\CodeIgniter->handleRequest(null, Object(Config\Cache), false)
11 SYSTEMPATH\Boot.php(363): CodeIgniter\CodeIgniter->run()
12 SYSTEMPATH\Boot.php(68): CodeIgniter\Boot::runCodeIgniter(Object(CodeIgniter\CodeIgniter))
13 FCPATH\index.php(59): CodeIgniter\Boot::bootWeb(Object(Config\Paths))
CRITICAL - 2026-01-04 02:33:33 --> ErrorException: Undefined array key "customer_name"
[Method: GET, Route: report/sales]
in APPPATH\Views\reports\sales_report.php on line 31.
 1 APPPATH\Views\reports\sales_report.php(31): CodeIgniter\Debug\Exceptions->errorHandler(2, 'Undefined array key "customer_name"', 'C:\\xampp\\htdocs\\rendi\\app\\Views\\reports\\sales_report.php', 31)
 2 SYSTEMPATH\View\View.php(226): include('C:\\xampp\\htdocs\\rendi\\app\\Views\\reports\\sales_report.php')
 3 SYSTEMPATH\View\View.php(229): CodeIgniter\View\View->CodeIgniter\View\{closure}()
 4 SYSTEMPATH\Common.php(1167): CodeIgniter\View\View->render('reports/sales_report', [], true)
 5 APPPATH\Controllers\Report.php(32): view('reports/sales_report', [...])
 6 SYSTEMPATH\CodeIgniter.php(933): App\Controllers\Report->sales()
 7 SYSTEMPATH\CodeIgniter.php(507): CodeIgniter\CodeIgniter->runController(Object(App\Controllers\Report))
 8 SYSTEMPATH\CodeIgniter.php(354): CodeIgniter\CodeIgniter->handleRequest(null, Object(Config\Cache), false)
 9 SYSTEMPATH\Boot.php(363): CodeIgniter\CodeIgniter->run()
10 SYSTEMPATH\Boot.php(68): CodeIgniter\Boot::runCodeIgniter(Object(CodeIgniter\CodeIgniter))
11 FCPATH\index.php(59): CodeIgniter\Boot::bootWeb(Object(Config\Paths))
DEBUG - 2026-01-04 02:35:07 --> Session: Class initialized using 'CodeIgniter\Session\Handlers\FileHandler' driver.
DEBUG - 2026-01-04 02:35:25 --> Session: Class initialized using 'CodeIgniter\Session\Handlers\FileHandler' driver.
ERROR - 2026-01-04 02:35:25 --> mysqli_sql_exception: Duplicate entry '0' for key 'PRIMARY' in C:\xampp\htdocs\rendi\system\Database\MySQLi\Connection.php:327
Stack trace:
#0 C:\xampp\htdocs\rendi\system\Database\MySQLi\Connection.php(327): mysqli->query('INSERT INTO `or...', 0)
#1 C:\xampp\htdocs\rendi\system\Database\BaseConnection.php(729): CodeIgniter\Database\MySQLi\Connection->execute('INSERT INTO `or...')
#2 C:\xampp\htdocs\rendi\system\Database\BaseConnection.php(646): CodeIgniter\Database\BaseConnection->simpleQuery('INSERT INTO `or...')
#3 C:\xampp\htdocs\rendi\system\Database\BaseBuilder.php(2345): CodeIgniter\Database\BaseConnection->query('INSERT INTO `or...', Array, false)
#4 C:\xampp\htdocs\rendi\system\Model.php(394): CodeIgniter\Database\BaseBuilder->insert()
#5 C:\xampp\htdocs\rendi\system\BaseModel.php(838): CodeIgniter\Model->doInsert(Array)
#6 C:\xampp\htdocs\rendi\system\Model.php(797): CodeIgniter\BaseModel->insert(Array, true)
#7 C:\xampp\htdocs\rendi\app\Controllers\Order.php(65): CodeIgniter\Model->insert(Array)
#8 C:\xampp\htdocs\rendi\system\CodeIgniter.php(933): App\Controllers\Order->store()
#9 C:\xampp\htdocs\rendi\system\CodeIgniter.php(507): CodeIgniter\CodeIgniter->runController(Object(App\Controllers\Order))
#10 C:\xampp\htdocs\rendi\system\CodeIgniter.php(354): CodeIgniter\CodeIgniter->handleRequest(NULL, Object(Config\Cache), false)
#11 C:\xampp\htdocs\rendi\system\Boot.php(363): CodeIgniter\CodeIgniter->run()
#12 C:\xampp\htdocs\rendi\system\Boot.php(68): CodeIgniter\Boot::runCodeIgniter(Object(CodeIgniter\CodeIgniter))
#13 C:\xampp\htdocs\rendi\public\index.php(59): CodeIgniter\Boot::bootWeb(Object(Config\Paths))
#14 {main}
DEBUG - 2026-01-04 02:35:25 --> Session: Class initialized using 'CodeIgniter\Session\Handlers\FileHandler' driver.
DEBUG - 2026-01-04 02:35:32 --> Session: Class initialized using 'CodeIgniter\Session\Handlers\FileHandler' driver.
DEBUG - 2026-01-04 02:35:34 --> Session: Class initialized using 'CodeIgniter\Session\Handlers\FileHandler' driver.
DEBUG - 2026-01-04 02:36:00 --> Session: Class initialized using 'CodeIgniter\Session\Handlers\FileHandler' driver.
ERROR - 2026-01-04 02:36:00 --> mysqli_sql_exception: Duplicate entry '0' for key 'PRIMARY' in C:\xampp\htdocs\rendi\system\Database\MySQLi\Connection.php:327
Stack trace:
#0 C:\xampp\htdocs\rendi\system\Database\MySQLi\Connection.php(327): mysqli->query('INSERT INTO `or...', 0)
#1 C:\xampp\htdocs\rendi\system\Database\BaseConnection.php(729): CodeIgniter\Database\MySQLi\Connection->execute('INSERT INTO `or...')
#2 C:\xampp\htdocs\rendi\system\Database\BaseConnection.php(646): CodeIgniter\Database\BaseConnection->simpleQuery('INSERT INTO `or...')
#3 C:\xampp\htdocs\rendi\system\Database\BaseBuilder.php(2345): CodeIgniter\Database\BaseConnection->query('INSERT INTO `or...', Array, false)
#4 C:\xampp\htdocs\rendi\system\Model.php(394): CodeIgniter\Database\BaseBuilder->insert()
#5 C:\xampp\htdocs\rendi\system\BaseModel.php(838): CodeIgniter\Model->doInsert(Array)
#6 C:\xampp\htdocs\rendi\system\Model.php(797): CodeIgniter\BaseModel->insert(Array, true)
#7 C:\xampp\htdocs\rendi\app\Controllers\Order.php(65): CodeIgniter\Model->insert(Array)
#8 C:\xampp\htdocs\rendi\system\CodeIgniter.php(933): App\Controllers\Order->store()
#9 C:\xampp\htdocs\rendi\system\CodeIgniter.php(507): CodeIgniter\CodeIgniter->runController(Object(App\Controllers\Order))
#10 C:\xampp\htdocs\rendi\system\CodeIgniter.php(354): CodeIgniter\CodeIgniter->handleRequest(NULL, Object(Config\Cache), false)
#11 C:\xampp\htdocs\rendi\system\Boot.php(363): CodeIgniter\CodeIgniter->run()
#12 C:\xampp\htdocs\rendi\system\Boot.php(68): CodeIgniter\Boot::runCodeIgniter(Object(CodeIgniter\CodeIgniter))
#13 C:\xampp\htdocs\rendi\public\index.php(59): CodeIgniter\Boot::bootWeb(Object(Config\Paths))
#14 {main}
DEBUG - 2026-01-04 02:36:00 --> Session: Class initialized using 'CodeIgniter\Session\Handlers\FileHandler' driver.
DEBUG - 2026-01-04 02:36:17 --> Session: Class initialized using 'CodeIgniter\Session\Handlers\FileHandler' driver.
ERROR - 2026-01-04 02:36:17 --> mysqli_sql_exception: Duplicate entry '0' for key 'PRIMARY' in C:\xampp\htdocs\rendi\system\Database\MySQLi\Connection.php:327
Stack trace:
#0 C:\xampp\htdocs\rendi\system\Database\MySQLi\Connection.php(327): mysqli->query('INSERT INTO `or...', 0)
#1 C:\xampp\htdocs\rendi\system\Database\BaseConnection.php(729): CodeIgniter\Database\MySQLi\Connection->execute('INSERT INTO `or...')
#2 C:\xampp\htdocs\rendi\system\Database\BaseConnection.php(646): CodeIgniter\Database\BaseConnection->simpleQuery('INSERT INTO `or...')
#3 C:\xampp\htdocs\rendi\system\Database\BaseBuilder.php(2345): CodeIgniter\Database\BaseConnection->query('INSERT INTO `or...', Array, false)
#4 C:\xampp\htdocs\rendi\system\Model.php(394): CodeIgniter\Database\BaseBuilder->insert()
#5 C:\xampp\htdocs\rendi\system\BaseModel.php(838): CodeIgniter\Model->doInsert(Array)
#6 C:\xampp\htdocs\rendi\system\Model.php(797): CodeIgniter\BaseModel->insert(Array, true)
#7 C:\xampp\htdocs\rendi\app\Controllers\Order.php(65): CodeIgniter\Model->insert(Array)
#8 C:\xampp\htdocs\rendi\system\CodeIgniter.php(933): App\Controllers\Order->store()
#9 C:\xampp\htdocs\rendi\system\CodeIgniter.php(507): CodeIgniter\CodeIgniter->runController(Object(App\Controllers\Order))
#10 C:\xampp\htdocs\rendi\system\CodeIgniter.php(354): CodeIgniter\CodeIgniter->handleRequest(NULL, Object(Config\Cache), false)
#11 C:\xampp\htdocs\rendi\system\Boot.php(363): CodeIgniter\CodeIgniter->run()
#12 C:\xampp\htdocs\rendi\system\Boot.php(68): CodeIgniter\Boot::runCodeIgniter(Object(CodeIgniter\CodeIgniter))
#13 C:\xampp\htdocs\rendi\public\index.php(59): CodeIgniter\Boot::bootWeb(Object(Config\Paths))
#14 {main}
DEBUG - 2026-01-04 02:36:18 --> Session: Class initialized using 'CodeIgniter\Session\Handlers\FileHandler' driver.
DEBUG - 2026-01-04 02:42:05 --> Session: Class initialized using 'CodeIgniter\Session\Handlers\FileHandler' driver.
ERROR - 2026-01-04 02:42:05 --> mysqli_sql_exception: Duplicate entry '0' for key 'PRIMARY' in C:\xampp\htdocs\rendi\system\Database\MySQLi\Connection.php:327
Stack trace:
#0 C:\xampp\htdocs\rendi\system\Database\MySQLi\Connection.php(327): mysqli->query('INSERT INTO `or...', 0)
#1 C:\xampp\htdocs\rendi\system\Database\BaseConnection.php(729): CodeIgniter\Database\MySQLi\Connection->execute('INSERT INTO `or...')
#2 C:\xampp\htdocs\rendi\system\Database\BaseConnection.php(646): CodeIgniter\Database\BaseConnection->simpleQuery('INSERT INTO `or...')
#3 C:\xampp\htdocs\rendi\system\Database\BaseBuilder.php(2345): CodeIgniter\Database\BaseConnection->query('INSERT INTO `or...', Array, false)
#4 C:\xampp\htdocs\rendi\system\Model.php(394): CodeIgniter\Database\BaseBuilder->insert()
#5 C:\xampp\htdocs\rendi\system\BaseModel.php(838): CodeIgniter\Model->doInsert(Array)
#6 C:\xampp\htdocs\rendi\system\Model.php(797): CodeIgniter\BaseModel->insert(Array, true)
#7 C:\xampp\htdocs\rendi\app\Controllers\Order.php(65): CodeIgniter\Model->insert(Array)
#8 C:\xampp\htdocs\rendi\system\CodeIgniter.php(933): App\Controllers\Order->store()
#9 C:\xampp\htdocs\rendi\system\CodeIgniter.php(507): CodeIgniter\CodeIgniter->runController(Object(App\Controllers\Order))
#10 C:\xampp\htdocs\rendi\system\CodeIgniter.php(354): CodeIgniter\CodeIgniter->handleRequest(NULL, Object(Config\Cache), false)
#11 C:\xampp\htdocs\rendi\system\Boot.php(363): CodeIgniter\CodeIgniter->run()
#12 C:\xampp\htdocs\rendi\system\Boot.php(68): CodeIgniter\Boot::runCodeIgniter(Object(CodeIgniter\CodeIgniter))
#13 C:\xampp\htdocs\rendi\public\index.php(59): CodeIgniter\Boot::bootWeb(Object(Config\Paths))
#14 {main}
DEBUG - 2026-01-04 02:42:05 --> Session: Class initialized using 'CodeIgniter\Session\Handlers\FileHandler' driver.
DEBUG - 2026-01-04 02:42:46 --> Session: Class initialized using 'CodeIgniter\Session\Handlers\FileHandler' driver.
ERROR - 2026-01-04 02:42:46 --> mysqli_sql_exception: Duplicate entry '0' for key 'PRIMARY' in C:\xampp\htdocs\rendi\system\Database\MySQLi\Connection.php:327
Stack trace:
#0 C:\xampp\htdocs\rendi\system\Database\MySQLi\Connection.php(327): mysqli->query('INSERT INTO `or...', 0)
#1 C:\xampp\htdocs\rendi\system\Database\BaseConnection.php(729): CodeIgniter\Database\MySQLi\Connection->execute('INSERT INTO `or...')
#2 C:\xampp\htdocs\rendi\system\Database\BaseConnection.php(646): CodeIgniter\Database\BaseConnection->simpleQuery('INSERT INTO `or...')
#3 C:\xampp\htdocs\rendi\system\Database\BaseBuilder.php(2345): CodeIgniter\Database\BaseConnection->query('INSERT INTO `or...', Array, false)
#4 C:\xampp\htdocs\rendi\system\Model.php(394): CodeIgniter\Database\BaseBuilder->insert()
#5 C:\xampp\htdocs\rendi\system\BaseModel.php(838): CodeIgniter\Model->doInsert(Array)
#6 C:\xampp\htdocs\rendi\system\Model.php(797): CodeIgniter\BaseModel->insert(Array, true)
#7 C:\xampp\htdocs\rendi\app\Controllers\Order.php(65): CodeIgniter\Model->insert(Array)
#8 C:\xampp\htdocs\rendi\system\CodeIgniter.php(933): App\Controllers\Order->store()
#9 C:\xampp\htdocs\rendi\system\CodeIgniter.php(507): CodeIgniter\CodeIgniter->runController(Object(App\Controllers\Order))
#10 C:\xampp\htdocs\rendi\system\CodeIgniter.php(354): CodeIgniter\CodeIgniter->handleRequest(NULL, Object(Config\Cache), false)
#11 C:\xampp\htdocs\rendi\system\Boot.php(363): CodeIgniter\CodeIgniter->run()
#12 C:\xampp\htdocs\rendi\system\Boot.php(68): CodeIgniter\Boot::runCodeIgniter(Object(CodeIgniter\CodeIgniter))
#13 C:\xampp\htdocs\rendi\public\index.php(59): CodeIgniter\Boot::bootWeb(Object(Config\Paths))
#14 {main}
DEBUG - 2026-01-04 02:42:46 --> Session: Class initialized using 'CodeIgniter\Session\Handlers\FileHandler' driver.
DEBUG - 2026-01-04 02:43:55 --> Session: Class initialized using 'CodeIgniter\Session\Handlers\FileHandler' driver.
ERROR - 2026-01-04 02:43:55 --> mysqli_sql_exception: Duplicate entry '0' for key 'PRIMARY' in C:\xampp\htdocs\rendi\system\Database\MySQLi\Connection.php:327
Stack trace:
#0 C:\xampp\htdocs\rendi\system\Database\MySQLi\Connection.php(327): mysqli->query('INSERT INTO `or...', 0)
#1 C:\xampp\htdocs\rendi\system\Database\BaseConnection.php(729): CodeIgniter\Database\MySQLi\Connection->execute('INSERT INTO `or...')
#2 C:\xampp\htdocs\rendi\system\Database\BaseConnection.php(646): CodeIgniter\Database\BaseConnection->simpleQuery('INSERT INTO `or...')
#3 C:\xampp\htdocs\rendi\system\Database\BaseBuilder.php(2345): CodeIgniter\Database\BaseConnection->query('INSERT INTO `or...', Array, false)
#4 C:\xampp\htdocs\rendi\system\Model.php(394): CodeIgniter\Database\BaseBuilder->insert()
#5 C:\xampp\htdocs\rendi\system\BaseModel.php(838): CodeIgniter\Model->doInsert(Array)
#6 C:\xampp\htdocs\rendi\system\Model.php(797): CodeIgniter\BaseModel->insert(Array, true)
#7 C:\xampp\htdocs\rendi\app\Controllers\Order.php(65): CodeIgniter\Model->insert(Array)
#8 C:\xampp\htdocs\rendi\system\CodeIgniter.php(933): App\Controllers\Order->store()
#9 C:\xampp\htdocs\rendi\system\CodeIgniter.php(507): CodeIgniter\CodeIgniter->runController(Object(App\Controllers\Order))
#10 C:\xampp\htdocs\rendi\system\CodeIgniter.php(354): CodeIgniter\CodeIgniter->handleRequest(NULL, Object(Config\Cache), false)
#11 C:\xampp\htdocs\rendi\system\Boot.php(363): CodeIgniter\CodeIgniter->run()
#12 C:\xampp\htdocs\rendi\system\Boot.php(68): CodeIgniter\Boot::runCodeIgniter(Object(CodeIgniter\CodeIgniter))
#13 C:\xampp\htdocs\rendi\public\index.php(59): CodeIgniter\Boot::bootWeb(Object(Config\Paths))
#14 {main}
DEBUG - 2026-01-04 02:43:55 --> Session: Class initialized using 'CodeIgniter\Session\Handlers\FileHandler' driver.
DEBUG - 2026-01-04 02:44:04 --> Session: Class initialized using 'CodeIgniter\Session\Handlers\FileHandler' driver.
ERROR - 2026-01-04 02:44:04 --> mysqli_sql_exception: Duplicate entry '0' for key 'PRIMARY' in C:\xampp\htdocs\rendi\system\Database\MySQLi\Connection.php:327
Stack trace:
#0 C:\xampp\htdocs\rendi\system\Database\MySQLi\Connection.php(327): mysqli->query('INSERT INTO `or...', 0)
#1 C:\xampp\htdocs\rendi\system\Database\BaseConnection.php(729): CodeIgniter\Database\MySQLi\Connection->execute('INSERT INTO `or...')
#2 C:\xampp\htdocs\rendi\system\Database\BaseConnection.php(646): CodeIgniter\Database\BaseConnection->simpleQuery('INSERT INTO `or...')
#3 C:\xampp\htdocs\rendi\system\Database\BaseBuilder.php(2345): CodeIgniter\Database\BaseConnection->query('INSERT INTO `or...', Array, false)
#4 C:\xampp\htdocs\rendi\system\Model.php(394): CodeIgniter\Database\BaseBuilder->insert()
#5 C:\xampp\htdocs\rendi\system\BaseModel.php(838): CodeIgniter\Model->doInsert(Array)
#6 C:\xampp\htdocs\rendi\system\Model.php(797): CodeIgniter\BaseModel->insert(Array, true)
#7 C:\xampp\htdocs\rendi\app\Controllers\Order.php(65): CodeIgniter\Model->insert(Array)
#8 C:\xampp\htdocs\rendi\system\CodeIgniter.php(933): App\Controllers\Order->store()
#9 C:\xampp\htdocs\rendi\system\CodeIgniter.php(507): CodeIgniter\CodeIgniter->runController(Object(App\Controllers\Order))
#10 C:\xampp\htdocs\rendi\system\CodeIgniter.php(354): CodeIgniter\CodeIgniter->handleRequest(NULL, Object(Config\Cache), false)
#11 C:\xampp\htdocs\rendi\system\Boot.php(363): CodeIgniter\CodeIgniter->run()
#12 C:\xampp\htdocs\rendi\system\Boot.php(68): CodeIgniter\Boot::runCodeIgniter(Object(CodeIgniter\CodeIgniter))
#13 C:\xampp\htdocs\rendi\public\index.php(59): CodeIgniter\Boot::bootWeb(Object(Config\Paths))
#14 {main}
DEBUG - 2026-01-04 02:44:05 --> Session: Class initialized using 'CodeIgniter\Session\Handlers\FileHandler' driver.
DEBUG - 2026-01-04 02:44:29 --> Session: Class initialized using 'CodeIgniter\Session\Handlers\FileHandler' driver.
ERROR - 2026-01-04 02:44:29 --> mysqli_sql_exception: Duplicate entry '0' for key 'PRIMARY' in C:\xampp\htdocs\rendi\system\Database\MySQLi\Connection.php:327
Stack trace:
#0 C:\xampp\htdocs\rendi\system\Database\MySQLi\Connection.php(327): mysqli->query('INSERT INTO `or...', 0)
#1 C:\xampp\htdocs\rendi\system\Database\BaseConnection.php(729): CodeIgniter\Database\MySQLi\Connection->execute('INSERT INTO `or...')
#2 C:\xampp\htdocs\rendi\system\Database\BaseConnection.php(646): CodeIgniter\Database\BaseConnection->simpleQuery('INSERT INTO `or...')
#3 C:\xampp\htdocs\rendi\system\Database\BaseBuilder.php(2345): CodeIgniter\Database\BaseConnection->query('INSERT INTO `or...', Array, false)
#4 C:\xampp\htdocs\rendi\system\Model.php(394): CodeIgniter\Database\BaseBuilder->insert()
#5 C:\xampp\htdocs\rendi\system\BaseModel.php(838): CodeIgniter\Model->doInsert(Array)
#6 C:\xampp\htdocs\rendi\system\Model.php(797): CodeIgniter\BaseModel->insert(Array, true)
#7 C:\xampp\htdocs\rendi\app\Controllers\Order.php(65): CodeIgniter\Model->insert(Array)
#8 C:\xampp\htdocs\rendi\system\CodeIgniter.php(933): App\Controllers\Order->store()
#9 C:\xampp\htdocs\rendi\system\CodeIgniter.php(507): CodeIgniter\CodeIgniter->runController(Object(App\Controllers\Order))
#10 C:\xampp\htdocs\rendi\system\CodeIgniter.php(354): CodeIgniter\CodeIgniter->handleRequest(NULL, Object(Config\Cache), false)
#11 C:\xampp\htdocs\rendi\system\Boot.php(363): CodeIgniter\CodeIgniter->run()
#12 C:\xampp\htdocs\rendi\system\Boot.php(68): CodeIgniter\Boot::runCodeIgniter(Object(CodeIgniter\CodeIgniter))
#13 C:\xampp\htdocs\rendi\public\index.php(59): CodeIgniter\Boot::bootWeb(Object(Config\Paths))
#14 {main}
DEBUG - 2026-01-04 02:44:29 --> Session: Class initialized using 'CodeIgniter\Session\Handlers\FileHandler' driver.
DEBUG - 2026-01-04 02:46:45 --> Session: Class initialized using 'CodeIgniter\Session\Handlers\FileHandler' driver.
ERROR - 2026-01-04 02:46:45 --> mysqli_sql_exception: Duplicate entry '0' for key 'PRIMARY' in C:\xampp\htdocs\rendi\system\Database\MySQLi\Connection.php:327
Stack trace:
#0 C:\xampp\htdocs\rendi\system\Database\MySQLi\Connection.php(327): mysqli->query('INSERT INTO `or...', 0)
#1 C:\xampp\htdocs\rendi\system\Database\BaseConnection.php(729): CodeIgniter\Database\MySQLi\Connection->execute('INSERT INTO `or...')
#2 C:\xampp\htdocs\rendi\system\Database\BaseConnection.php(646): CodeIgniter\Database\BaseConnection->simpleQuery('INSERT INTO `or...')
#3 C:\xampp\htdocs\rendi\system\Database\BaseBuilder.php(2345): CodeIgniter\Database\BaseConnection->query('INSERT INTO `or...', Array, false)
#4 C:\xampp\htdocs\rendi\system\Model.php(394): CodeIgniter\Database\BaseBuilder->insert()
#5 C:\xampp\htdocs\rendi\system\BaseModel.php(838): CodeIgniter\Model->doInsert(Array)
#6 C:\xampp\htdocs\rendi\system\Model.php(797): CodeIgniter\BaseModel->insert(Array, true)
#7 C:\xampp\htdocs\rendi\app\Controllers\Order.php(65): CodeIgniter\Model->insert(Array)
#8 C:\xampp\htdocs\rendi\system\CodeIgniter.php(933): App\Controllers\Order->store()
#9 C:\xampp\htdocs\rendi\system\CodeIgniter.php(507): CodeIgniter\CodeIgniter->runController(Object(App\Controllers\Order))
#10 C:\xampp\htdocs\rendi\system\CodeIgniter.php(354): CodeIgniter\CodeIgniter->handleRequest(NULL, Object(Config\Cache), false)
#11 C:\xampp\htdocs\rendi\system\Boot.php(363): CodeIgniter\CodeIgniter->run()
#12 C:\xampp\htdocs\rendi\system\Boot.php(68): CodeIgniter\Boot::runCodeIgniter(Object(CodeIgniter\CodeIgniter))
#13 C:\xampp\htdocs\rendi\public\index.php(59): CodeIgniter\Boot::bootWeb(Object(Config\Paths))
#14 {main}
DEBUG - 2026-01-04 02:46:46 --> Session: Class initialized using 'CodeIgniter\Session\Handlers\FileHandler' driver.
DEBUG - 2026-01-04 02:47:54 --> Session: Class initialized using 'CodeIgniter\Session\Handlers\FileHandler' driver.
DEBUG - 2026-01-04 02:48:03 --> Session: Class initialized using 'CodeIgniter\Session\Handlers\FileHandler' driver.
DEBUG - 2026-01-04 02:48:34 --> Session: Class initialized using 'CodeIgniter\Session\Handlers\FileHandler' driver.
DEBUG - 2026-01-04 02:48:35 --> Session: Class initialized using 'CodeIgniter\Session\Handlers\FileHandler' driver.
DEBUG - 2026-01-04 02:48:45 --> Session: Class initialized using 'CodeIgniter\Session\Handlers\FileHandler' driver.
DEBUG - 2026-01-04 02:49:47 --> Session: Class initialized using 'CodeIgniter\Session\Handlers\FileHandler' driver.
DEBUG - 2026-01-04 02:49:48 --> Session: Class initialized using 'CodeIgniter\Session\Handlers\FileHandler' driver.
DEBUG - 2026-01-04 02:49:49 --> Session: Class initialized using 'CodeIgniter\Session\Handlers\FileHandler' driver.
DEBUG - 2026-01-04 02:49:50 --> Session: Class initialized using 'CodeIgniter\Session\Handlers\FileHandler' driver.
DEBUG - 2026-01-04 02:50:41 --> Session: Class initialized using 'CodeIgniter\Session\Handlers\FileHandler' driver.
DEBUG - 2026-01-04 02:51:23 --> Session: Class initialized using 'CodeIgniter\Session\Handlers\FileHandler' driver.
DEBUG - 2026-01-04 02:51:31 --> Session: Class initialized using 'CodeIgniter\Session\Handlers\FileHandler' driver.
ERROR - 2026-01-04 02:51:31 --> mysqli_sql_exception: Duplicate entry '0' for key 'PRIMARY' in C:\xampp\htdocs\rendi\system\Database\MySQLi\Connection.php:327
Stack trace:
#0 C:\xampp\htdocs\rendi\system\Database\MySQLi\Connection.php(327): mysqli->query('INSERT INTO `or...', 0)
#1 C:\xampp\htdocs\rendi\system\Database\BaseConnection.php(729): CodeIgniter\Database\MySQLi\Connection->execute('INSERT INTO `or...')
#2 C:\xampp\htdocs\rendi\system\Database\BaseConnection.php(646): CodeIgniter\Database\BaseConnection->simpleQuery('INSERT INTO `or...')
#3 C:\xampp\htdocs\rendi\system\Database\BaseBuilder.php(2345): CodeIgniter\Database\BaseConnection->query('INSERT INTO `or...', Array, false)
#4 C:\xampp\htdocs\rendi\system\Model.php(394): CodeIgniter\Database\BaseBuilder->insert()
#5 C:\xampp\htdocs\rendi\system\BaseModel.php(838): CodeIgniter\Model->doInsert(Array)
#6 C:\xampp\htdocs\rendi\system\Model.php(797): CodeIgniter\BaseModel->insert(Array, true)
#7 C:\xampp\htdocs\rendi\app\Controllers\Order.php(65): CodeIgniter\Model->insert(Array)
#8 C:\xampp\htdocs\rendi\system\CodeIgniter.php(933): App\Controllers\Order->store()
#9 C:\xampp\htdocs\rendi\system\CodeIgniter.php(507): CodeIgniter\CodeIgniter->runController(Object(App\Controllers\Order))
#10 C:\xampp\htdocs\rendi\system\CodeIgniter.php(354): CodeIgniter\CodeIgniter->handleRequest(NULL, Object(Config\Cache), false)
#11 C:\xampp\htdocs\rendi\system\Boot.php(363): CodeIgniter\CodeIgniter->run()
#12 C:\xampp\htdocs\rendi\system\Boot.php(68): CodeIgniter\Boot::runCodeIgniter(Object(CodeIgniter\CodeIgniter))
#13 C:\xampp\htdocs\rendi\public\index.php(59): CodeIgniter\Boot::bootWeb(Object(Config\Paths))
#14 {main}
DEBUG - 2026-01-04 02:51:31 --> Session: Class initialized using 'CodeIgniter\Session\Handlers\FileHandler' driver.
DEBUG - 2026-01-04 02:51:37 --> Session: Class initialized using 'CodeIgniter\Session\Handlers\FileHandler' driver.
DEBUG - 2026-01-04 02:51:40 --> Session: Class initialized using 'CodeIgniter\Session\Handlers\FileHandler' driver.
DEBUG - 2026-01-04 02:51:42 --> Session: Class initialized using 'CodeIgniter\Session\Handlers\FileHandler' driver.
DEBUG - 2026-01-04 02:51:43 --> Session: Class initialized using 'CodeIgniter\Session\Handlers\FileHandler' driver.
DEBUG - 2026-01-04 02:51:47 --> Session: Class initialized using 'CodeIgniter\Session\Handlers\FileHandler' driver.
DEBUG - 2026-01-04 02:51:53 --> Session: Class initialized using 'CodeIgniter\Session\Handlers\FileHandler' driver.
DEBUG - 2026-01-04 02:51:56 --> Session: Class initialized using 'CodeIgniter\Session\Handlers\FileHandler' driver.
DEBUG - 2026-01-04 02:52:05 --> Session: Class initialized using 'CodeIgniter\Session\Handlers\FileHandler' driver.
DEBUG - 2026-01-04 02:52:05 --> Session: Class initialized using 'CodeIgniter\Session\Handlers\FileHandler' driver.
DEBUG - 2026-01-04 02:52:07 --> Session: Class initialized using 'CodeIgniter\Session\Handlers\FileHandler' driver.
DEBUG - 2026-01-04 02:52:11 --> Session: Class initialized using 'CodeIgniter\Session\Handlers\FileHandler' driver.
DEBUG - 2026-01-04 02:52:13 --> Session: Class initialized using 'CodeIgniter\Session\Handlers\FileHandler' driver.
DEBUG - 2026-01-04 02:52:16 --> Session: Class initialized using 'CodeIgniter\Session\Handlers\FileHandler' driver.
DEBUG - 2026-01-04 02:52:27 --> Session: Class initialized using 'CodeIgniter\Session\Handlers\FileHandler' driver.
ERROR - 2026-01-04 02:52:27 --> mysqli_sql_exception: Duplicate entry '0' for key 'PRIMARY' in C:\xampp\htdocs\rendi\system\Database\MySQLi\Connection.php:327
Stack trace:
#0 C:\xampp\htdocs\rendi\system\Database\MySQLi\Connection.php(327): mysqli->query('INSERT INTO `or...', 0)
#1 C:\xampp\htdocs\rendi\system\Database\BaseConnection.php(729): CodeIgniter\Database\MySQLi\Connection->execute('INSERT INTO `or...')
#2 C:\xampp\htdocs\rendi\system\Database\BaseConnection.php(646): CodeIgniter\Database\BaseConnection->simpleQuery('INSERT INTO `or...')
#3 C:\xampp\htdocs\rendi\system\Database\BaseBuilder.php(2345): CodeIgniter\Database\BaseConnection->query('INSERT INTO `or...', Array, false)
#4 C:\xampp\htdocs\rendi\system\Model.php(394): CodeIgniter\Database\BaseBuilder->insert()
#5 C:\xampp\htdocs\rendi\system\BaseModel.php(838): CodeIgniter\Model->doInsert(Array)
#6 C:\xampp\htdocs\rendi\system\Model.php(797): CodeIgniter\BaseModel->insert(Array, true)
#7 C:\xampp\htdocs\rendi\app\Controllers\Order.php(65): CodeIgniter\Model->insert(Array)
#8 C:\xampp\htdocs\rendi\system\CodeIgniter.php(933): App\Controllers\Order->store()
#9 C:\xampp\htdocs\rendi\system\CodeIgniter.php(507): CodeIgniter\CodeIgniter->runController(Object(App\Controllers\Order))
#10 C:\xampp\htdocs\rendi\system\CodeIgniter.php(354): CodeIgniter\CodeIgniter->handleRequest(NULL, Object(Config\Cache), false)
#11 C:\xampp\htdocs\rendi\system\Boot.php(363): CodeIgniter\CodeIgniter->run()
#12 C:\xampp\htdocs\rendi\system\Boot.php(68): CodeIgniter\Boot::runCodeIgniter(Object(CodeIgniter\CodeIgniter))
#13 C:\xampp\htdocs\rendi\public\index.php(59): CodeIgniter\Boot::bootWeb(Object(Config\Paths))
#14 {main}
DEBUG - 2026-01-04 02:52:27 --> Session: Class initialized using 'CodeIgniter\Session\Handlers\FileHandler' driver.
DEBUG - 2026-01-04 02:52:32 --> Session: Class initialized using 'CodeIgniter\Session\Handlers\FileHandler' driver.
DEBUG - 2026-01-04 02:52:33 --> Session: Class initialized using 'CodeIgniter\Session\Handlers\FileHandler' driver.
DEBUG - 2026-01-04 02:52:33 --> Session: Class initialized using 'CodeIgniter\Session\Handlers\FileHandler' driver.
DEBUG - 2026-01-04 02:52:34 --> Session: Class initialized using 'CodeIgniter\Session\Handlers\FileHandler' driver.
DEBUG - 2026-01-04 02:53:04 --> Session: Class initialized using 'CodeIgniter\Session\Handlers\FileHandler' driver.
DEBUG - 2026-01-04 02:53:16 --> Session: Class initialized using 'CodeIgniter\Session\Handlers\FileHandler' driver.
ERROR - 2026-01-04 02:53:16 --> mysqli_sql_exception: Duplicate entry '0' for key 'PRIMARY' in C:\xampp\htdocs\rendi\system\Database\MySQLi\Connection.php:327
Stack trace:
#0 C:\xampp\htdocs\rendi\system\Database\MySQLi\Connection.php(327): mysqli->query('INSERT INTO `or...', 0)
#1 C:\xampp\htdocs\rendi\system\Database\BaseConnection.php(729): CodeIgniter\Database\MySQLi\Connection->execute('INSERT INTO `or...')
#2 C:\xampp\htdocs\rendi\system\Database\BaseConnection.php(646): CodeIgniter\Database\BaseConnection->simpleQuery('INSERT INTO `or...')
#3 C:\xampp\htdocs\rendi\system\Database\BaseBuilder.php(2345): CodeIgniter\Database\BaseConnection->query('INSERT INTO `or...', Array, false)
#4 C:\xampp\htdocs\rendi\system\Model.php(394): CodeIgniter\Database\BaseBuilder->insert()
#5 C:\xampp\htdocs\rendi\system\BaseModel.php(838): CodeIgniter\Model->doInsert(Array)
#6 C:\xampp\htdocs\rendi\system\Model.php(797): CodeIgniter\BaseModel->insert(Array, true)
#7 C:\xampp\htdocs\rendi\app\Controllers\Order.php(65): CodeIgniter\Model->insert(Array)
#8 C:\xampp\htdocs\rendi\system\CodeIgniter.php(933): App\Controllers\Order->store()
#9 C:\xampp\htdocs\rendi\system\CodeIgniter.php(507): CodeIgniter\CodeIgniter->runController(Object(App\Controllers\Order))
#10 C:\xampp\htdocs\rendi\system\CodeIgniter.php(354): CodeIgniter\CodeIgniter->handleRequest(NULL, Object(Config\Cache), false)
#11 C:\xampp\htdocs\rendi\system\Boot.php(363): CodeIgniter\CodeIgniter->run()
#12 C:\xampp\htdocs\rendi\system\Boot.php(68): CodeIgniter\Boot::runCodeIgniter(Object(CodeIgniter\CodeIgniter))
#13 C:\xampp\htdocs\rendi\public\index.php(59): CodeIgniter\Boot::bootWeb(Object(Config\Paths))
#14 {main}
DEBUG - 2026-01-04 02:53:16 --> Session: Class initialized using 'CodeIgniter\Session\Handlers\FileHandler' driver.
DEBUG - 2026-01-04 02:53:20 --> Session: Class initialized using 'CodeIgniter\Session\Handlers\FileHandler' driver.
DEBUG - 2026-01-04 02:53:21 --> Session: Class initialized using 'CodeIgniter\Session\Handlers\FileHandler' driver.
DEBUG - 2026-01-04 02:53:22 --> Session: Class initialized using 'CodeIgniter\Session\Handlers\FileHandler' driver.
DEBUG - 2026-01-04 02:53:26 --> Session: Class initialized using 'CodeIgniter\Session\Handlers\FileHandler' driver.
DEBUG - 2026-01-04 02:53:33 --> Session: Class initialized using 'CodeIgniter\Session\Handlers\FileHandler' driver.
ERROR - 2026-01-04 02:53:33 --> mysqli_sql_exception: Duplicate entry '0' for key 'PRIMARY' in C:\xampp\htdocs\rendi\system\Database\MySQLi\Connection.php:327
Stack trace:
#0 C:\xampp\htdocs\rendi\system\Database\MySQLi\Connection.php(327): mysqli->query('INSERT INTO `or...', 0)
#1 C:\xampp\htdocs\rendi\system\Database\BaseConnection.php(729): CodeIgniter\Database\MySQLi\Connection->execute('INSERT INTO `or...')
#2 C:\xampp\htdocs\rendi\system\Database\BaseConnection.php(646): CodeIgniter\Database\BaseConnection->simpleQuery('INSERT INTO `or...')
#3 C:\xampp\htdocs\rendi\system\Database\BaseBuilder.php(2345): CodeIgniter\Database\BaseConnection->query('INSERT INTO `or...', Array, false)
#4 C:\xampp\htdocs\rendi\system\Model.php(394): CodeIgniter\Database\BaseBuilder->insert()
#5 C:\xampp\htdocs\rendi\system\BaseModel.php(838): CodeIgniter\Model->doInsert(Array)
#6 C:\xampp\htdocs\rendi\system\Model.php(797): CodeIgniter\BaseModel->insert(Array, true)
#7 C:\xampp\htdocs\rendi\app\Controllers\Order.php(65): CodeIgniter\Model->insert(Array)
#8 C:\xampp\htdocs\rendi\system\CodeIgniter.php(933): App\Controllers\Order->store()
#9 C:\xampp\htdocs\rendi\system\CodeIgniter.php(507): CodeIgniter\CodeIgniter->runController(Object(App\Controllers\Order))
#10 C:\xampp\htdocs\rendi\system\CodeIgniter.php(354): CodeIgniter\CodeIgniter->handleRequest(NULL, Object(Config\Cache), false)
#11 C:\xampp\htdocs\rendi\system\Boot.php(363): CodeIgniter\CodeIgniter->run()
#12 C:\xampp\htdocs\rendi\system\Boot.php(68): CodeIgniter\Boot::runCodeIgniter(Object(CodeIgniter\CodeIgniter))
#13 C:\xampp\htdocs\rendi\public\index.php(59): CodeIgniter\Boot::bootWeb(Object(Config\Paths))
#14 {main}
DEBUG - 2026-01-04 02:53:33 --> Session: Class initialized using 'CodeIgniter\Session\Handlers\FileHandler' driver.
DEBUG - 2026-01-04 02:53:54 --> Session: Class initialized using 'CodeIgniter\Session\Handlers\FileHandler' driver.
DEBUG - 2026-01-04 02:53:57 --> Session: Class initialized using 'CodeIgniter\Session\Handlers\FileHandler' driver.
DEBUG - 2026-01-04 02:54:00 --> Session: Class initialized using 'CodeIgniter\Session\Handlers\FileHandler' driver.
DEBUG - 2026-01-04 02:54:03 --> Session: Class initialized using 'CodeIgniter\Session\Handlers\FileHandler' driver.
DEBUG - 2026-01-04 02:54:11 --> Session: Class initialized using 'CodeIgniter\Session\Handlers\FileHandler' driver.
ERROR - 2026-01-04 02:54:11 --> mysqli_sql_exception: Duplicate entry '0' for key 'PRIMARY' in C:\xampp\htdocs\rendi\system\Database\MySQLi\Connection.php:327
Stack trace:
#0 C:\xampp\htdocs\rendi\system\Database\MySQLi\Connection.php(327): mysqli->query('INSERT INTO `or...', 0)
#1 C:\xampp\htdocs\rendi\system\Database\BaseConnection.php(729): CodeIgniter\Database\MySQLi\Connection->execute('INSERT INTO `or...')
#2 C:\xampp\htdocs\rendi\system\Database\BaseConnection.php(646): CodeIgniter\Database\BaseConnection->simpleQuery('INSERT INTO `or...')
#3 C:\xampp\htdocs\rendi\system\Database\BaseBuilder.php(2345): CodeIgniter\Database\BaseConnection->query('INSERT INTO `or...', Array, false)
#4 C:\xampp\htdocs\rendi\system\Model.php(394): CodeIgniter\Database\BaseBuilder->insert()
#5 C:\xampp\htdocs\rendi\system\BaseModel.php(838): CodeIgniter\Model->doInsert(Array)
#6 C:\xampp\htdocs\rendi\system\Model.php(797): CodeIgniter\BaseModel->insert(Array, true)
#7 C:\xampp\htdocs\rendi\app\Controllers\Order.php(65): CodeIgniter\Model->insert(Array)
#8 C:\xampp\htdocs\rendi\system\CodeIgniter.php(933): App\Controllers\Order->store()
#9 C:\xampp\htdocs\rendi\system\CodeIgniter.php(507): CodeIgniter\CodeIgniter->runController(Object(App\Controllers\Order))
#10 C:\xampp\htdocs\rendi\system\CodeIgniter.php(354): CodeIgniter\CodeIgniter->handleRequest(NULL, Object(Config\Cache), false)
#11 C:\xampp\htdocs\rendi\system\Boot.php(363): CodeIgniter\CodeIgniter->run()
#12 C:\xampp\htdocs\rendi\system\Boot.php(68): CodeIgniter\Boot::runCodeIgniter(Object(CodeIgniter\CodeIgniter))
#13 C:\xampp\htdocs\rendi\public\index.php(59): CodeIgniter\Boot::bootWeb(Object(Config\Paths))
#14 {main}
DEBUG - 2026-01-04 02:54:11 --> Session: Class initialized using 'CodeIgniter\Session\Handlers\FileHandler' driver.
DEBUG - 2026-01-04 02:54:22 --> Session: Class initialized using 'CodeIgniter\Session\Handlers\FileHandler' driver.
DEBUG - 2026-01-04 02:54:30 --> Session: Class initialized using 'CodeIgniter\Session\Handlers\FileHandler' driver.
ERROR - 2026-01-04 02:54:30 --> mysqli_sql_exception: Duplicate entry '0' for key 'PRIMARY' in C:\xampp\htdocs\rendi\system\Database\MySQLi\Connection.php:327
Stack trace:
#0 C:\xampp\htdocs\rendi\system\Database\MySQLi\Connection.php(327): mysqli->query('INSERT INTO `or...', 0)
#1 C:\xampp\htdocs\rendi\system\Database\BaseConnection.php(729): CodeIgniter\Database\MySQLi\Connection->execute('INSERT INTO `or...')
#2 C:\xampp\htdocs\rendi\system\Database\BaseConnection.php(646): CodeIgniter\Database\BaseConnection->simpleQuery('INSERT INTO `or...')
#3 C:\xampp\htdocs\rendi\system\Database\BaseBuilder.php(2345): CodeIgniter\Database\BaseConnection->query('INSERT INTO `or...', Array, false)
#4 C:\xampp\htdocs\rendi\system\Model.php(394): CodeIgniter\Database\BaseBuilder->insert()
#5 C:\xampp\htdocs\rendi\system\BaseModel.php(838): CodeIgniter\Model->doInsert(Array)
#6 C:\xampp\htdocs\rendi\system\Model.php(797): CodeIgniter\BaseModel->insert(Array, true)
#7 C:\xampp\htdocs\rendi\app\Controllers\Order.php(65): CodeIgniter\Model->insert(Array)
#8 C:\xampp\htdocs\rendi\system\CodeIgniter.php(933): App\Controllers\Order->store()
#9 C:\xampp\htdocs\rendi\system\CodeIgniter.php(507): CodeIgniter\CodeIgniter->runController(Object(App\Controllers\Order))
#10 C:\xampp\htdocs\rendi\system\CodeIgniter.php(354): CodeIgniter\CodeIgniter->handleRequest(NULL, Object(Config\Cache), false)
#11 C:\xampp\htdocs\rendi\system\Boot.php(363): CodeIgniter\CodeIgniter->run()
#12 C:\xampp\htdocs\rendi\system\Boot.php(68): CodeIgniter\Boot::runCodeIgniter(Object(CodeIgniter\CodeIgniter))
#13 C:\xampp\htdocs\rendi\public\index.php(59): CodeIgniter\Boot::bootWeb(Object(Config\Paths))
#14 {main}
DEBUG - 2026-01-04 02:54:30 --> Session: Class initialized using 'CodeIgniter\Session\Handlers\FileHandler' driver.
DEBUG - 2026-01-04 02:54:35 --> Session: Class initialized using 'CodeIgniter\Session\Handlers\FileHandler' driver.
DEBUG - 2026-01-04 02:54:36 --> Session: Class initialized using 'CodeIgniter\Session\Handlers\FileHandler' driver.
DEBUG - 2026-01-04 03:19:40 --> Session: Class initialized using 'CodeIgniter\Session\Handlers\FileHandler' driver.
DEBUG - 2026-01-04 03:19:46 --> Session: Class initialized using 'CodeIgniter\Session\Handlers\FileHandler' driver.
ERROR - 2026-01-04 03:19:46 --> mysqli_sql_exception: Duplicate entry '0' for key 'PRIMARY' in C:\xampp\htdocs\rendi\system\Database\MySQLi\Connection.php:327
Stack trace:
#0 C:\xampp\htdocs\rendi\system\Database\MySQLi\Connection.php(327): mysqli->query('INSERT INTO `or...', 0)
#1 C:\xampp\htdocs\rendi\system\Database\BaseConnection.php(729): CodeIgniter\Database\MySQLi\Connection->execute('INSERT INTO `or...')
#2 C:\xampp\htdocs\rendi\system\Database\BaseConnection.php(646): CodeIgniter\Database\BaseConnection->simpleQuery('INSERT INTO `or...')
#3 C:\xampp\htdocs\rendi\system\Database\BaseBuilder.php(2345): CodeIgniter\Database\BaseConnection->query('INSERT INTO `or...', Array, false)
#4 C:\xampp\htdocs\rendi\system\Model.php(394): CodeIgniter\Database\BaseBuilder->insert()
#5 C:\xampp\htdocs\rendi\system\BaseModel.php(838): CodeIgniter\Model->doInsert(Array)
#6 C:\xampp\htdocs\rendi\system\Model.php(797): CodeIgniter\BaseModel->insert(Array, true)
#7 C:\xampp\htdocs\rendi\app\Controllers\Order.php(65): CodeIgniter\Model->insert(Array)
#8 C:\xampp\htdocs\rendi\system\CodeIgniter.php(933): App\Controllers\Order->store()
#9 C:\xampp\htdocs\rendi\system\CodeIgniter.php(507): CodeIgniter\CodeIgniter->runController(Object(App\Controllers\Order))
#10 C:\xampp\htdocs\rendi\system\CodeIgniter.php(354): CodeIgniter\CodeIgniter->handleRequest(NULL, Object(Config\Cache), false)
#11 C:\xampp\htdocs\rendi\system\Boot.php(363): CodeIgniter\CodeIgniter->run()
#12 C:\xampp\htdocs\rendi\system\Boot.php(68): CodeIgniter\Boot::runCodeIgniter(Object(CodeIgniter\CodeIgniter))
#13 C:\xampp\htdocs\rendi\public\index.php(59): CodeIgniter\Boot::bootWeb(Object(Config\Paths))
#14 {main}
DEBUG - 2026-01-04 03:19:46 --> Session: Class initialized using 'CodeIgniter\Session\Handlers\FileHandler' driver.
DEBUG - 2026-01-04 03:19:52 --> Session: Class initialized using 'CodeIgniter\Session\Handlers\FileHandler' driver.
DEBUG - 2026-01-04 03:21:20 --> Session: Class initialized using 'CodeIgniter\Session\Handlers\FileHandler' driver.
ERROR - 2026-01-04 03:21:20 --> mysqli_sql_exception: Duplicate entry '0' for key 'PRIMARY' in C:\xampp\htdocs\rendi\system\Database\MySQLi\Connection.php:327
Stack trace:
#0 C:\xampp\htdocs\rendi\system\Database\MySQLi\Connection.php(327): mysqli->query('INSERT INTO `or...', 0)
#1 C:\xampp\htdocs\rendi\system\Database\BaseConnection.php(729): CodeIgniter\Database\MySQLi\Connection->execute('INSERT INTO `or...')
#2 C:\xampp\htdocs\rendi\system\Database\BaseConnection.php(646): CodeIgniter\Database\BaseConnection->simpleQuery('INSERT INTO `or...')
#3 C:\xampp\htdocs\rendi\system\Database\BaseBuilder.php(2345): CodeIgniter\Database\BaseConnection->query('INSERT INTO `or...', Array, false)
#4 C:\xampp\htdocs\rendi\system\Model.php(394): CodeIgniter\Database\BaseBuilder->insert()
#5 C:\xampp\htdocs\rendi\system\BaseModel.php(838): CodeIgniter\Model->doInsert(Array)
#6 C:\xampp\htdocs\rendi\system\Model.php(797): CodeIgniter\BaseModel->insert(Array, true)
#7 C:\xampp\htdocs\rendi\app\Controllers\Order.php(65): CodeIgniter\Model->insert(Array)
#8 C:\xampp\htdocs\rendi\system\CodeIgniter.php(933): App\Controllers\Order->store()
#9 C:\xampp\htdocs\rendi\system\CodeIgniter.php(507): CodeIgniter\CodeIgniter->runController(Object(App\Controllers\Order))
#10 C:\xampp\htdocs\rendi\system\CodeIgniter.php(354): CodeIgniter\CodeIgniter->handleRequest(NULL, Object(Config\Cache), false)
#11 C:\xampp\htdocs\rendi\system\Boot.php(363): CodeIgniter\CodeIgniter->run()
#12 C:\xampp\htdocs\rendi\system\Boot.php(68): CodeIgniter\Boot::runCodeIgniter(Object(CodeIgniter\CodeIgniter))
#13 C:\xampp\htdocs\rendi\public\index.php(59): CodeIgniter\Boot::bootWeb(Object(Config\Paths))
#14 {main}
DEBUG - 2026-01-04 03:21:20 --> Session: Class initialized using 'CodeIgniter\Session\Handlers\FileHandler' driver.
DEBUG - 2026-01-04 03:21:26 --> Session: Class initialized using 'CodeIgniter\Session\Handlers\FileHandler' driver.
DEBUG - 2026-01-04 03:21:27 --> Session: Class initialized using 'CodeIgniter\Session\Handlers\FileHandler' driver.
DEBUG - 2026-01-04 03:24:17 --> Session: Class initialized using 'CodeIgniter\Session\Handlers\FileHandler' driver.
DEBUG - 2026-01-04 03:24:24 --> Session: Class initialized using 'CodeIgniter\Session\Handlers\FileHandler' driver.
ERROR - 2026-01-04 03:24:24 --> mysqli_sql_exception: Duplicate entry '0' for key 'PRIMARY' in C:\xampp\htdocs\rendi\system\Database\MySQLi\Connection.php:327
Stack trace:
#0 C:\xampp\htdocs\rendi\system\Database\MySQLi\Connection.php(327): mysqli->query('INSERT INTO `or...', 0)
#1 C:\xampp\htdocs\rendi\system\Database\BaseConnection.php(729): CodeIgniter\Database\MySQLi\Connection->execute('INSERT INTO `or...')
#2 C:\xampp\htdocs\rendi\system\Database\BaseConnection.php(646): CodeIgniter\Database\BaseConnection->simpleQuery('INSERT INTO `or...')
#3 C:\xampp\htdocs\rendi\system\Database\BaseBuilder.php(2345): CodeIgniter\Database\BaseConnection->query('INSERT INTO `or...', Array, false)
#4 C:\xampp\htdocs\rendi\system\Model.php(394): CodeIgniter\Database\BaseBuilder->insert()
#5 C:\xampp\htdocs\rendi\system\BaseModel.php(838): CodeIgniter\Model->doInsert(Array)
#6 C:\xampp\htdocs\rendi\system\Model.php(797): CodeIgniter\BaseModel->insert(Array, true)
#7 C:\xampp\htdocs\rendi\app\Controllers\Order.php(65): CodeIgniter\Model->insert(Array)
#8 C:\xampp\htdocs\rendi\system\CodeIgniter.php(933): App\Controllers\Order->store()
#9 C:\xampp\htdocs\rendi\system\CodeIgniter.php(507): CodeIgniter\CodeIgniter->runController(Object(App\Controllers\Order))
#10 C:\xampp\htdocs\rendi\system\CodeIgniter.php(354): CodeIgniter\CodeIgniter->handleRequest(NULL, Object(Config\Cache), false)
#11 C:\xampp\htdocs\rendi\system\Boot.php(363): CodeIgniter\CodeIgniter->run()
#12 C:\xampp\htdocs\rendi\system\Boot.php(68): CodeIgniter\Boot::runCodeIgniter(Object(CodeIgniter\CodeIgniter))
#13 C:\xampp\htdocs\rendi\public\index.php(59): CodeIgniter\Boot::bootWeb(Object(Config\Paths))
#14 {main}
DEBUG - 2026-01-04 03:24:24 --> Session: Class initialized using 'CodeIgniter\Session\Handlers\FileHandler' driver.
DEBUG - 2026-01-04 03:24:29 --> Session: Class initialized using 'CodeIgniter\Session\Handlers\FileHandler' driver.
DEBUG - 2026-01-04 03:24:30 --> Session: Class initialized using 'CodeIgniter\Session\Handlers\FileHandler' driver.
DEBUG - 2026-01-04 03:24:32 --> Session: Class initialized using 'CodeIgniter\Session\Handlers\FileHandler' driver.
DEBUG - 2026-01-04 03:24:33 --> Session: Class initialized using 'CodeIgniter\Session\Handlers\FileHandler' driver.
DEBUG - 2026-01-04 03:24:34 --> Session: Class initialized using 'CodeIgniter\Session\Handlers\FileHandler' driver.
DEBUG - 2026-01-04 03:24:35 --> Session: Class initialized using 'CodeIgniter\Session\Handlers\FileHandler' driver.
DEBUG - 2026-01-04 03:24:44 --> Session: Class initialized using 'CodeIgniter\Session\Handlers\FileHandler' driver.
DEBUG - 2026-01-04 03:24:55 --> Session: Class initialized using 'CodeIgniter\Session\Handlers\FileHandler' driver.
DEBUG - 2026-01-04 03:25:02 --> Session: Class initialized using 'CodeIgniter\Session\Handlers\FileHandler' driver.
DEBUG - 2026-01-04 03:25:10 --> Session: Class initialized using 'CodeIgniter\Session\Handlers\FileHandler' driver.
DEBUG - 2026-01-04 03:25:11 --> Session: Class initialized using 'CodeIgniter\Session\Handlers\FileHandler' driver.
DEBUG - 2026-01-04 03:25:12 --> Session: Class initialized using 'CodeIgniter\Session\Handlers\FileHandler' driver.
DEBUG - 2026-01-04 03:25:18 --> Session: Class initialized using 'CodeIgniter\Session\Handlers\FileHandler' driver.
DEBUG - 2026-01-04 03:25:21 --> Session: Class initialized using 'CodeIgniter\Session\Handlers\FileHandler' driver.
DEBUG - 2026-01-04 03:25:22 --> Session: Class initialized using 'CodeIgniter\Session\Handlers\FileHandler' driver.
DEBUG - 2026-01-04 03:25:26 --> Session: Class initialized using 'CodeIgniter\Session\Handlers\FileHandler' driver.
DEBUG - 2026-01-04 03:25:37 --> Session: Class initialized using 'CodeIgniter\Session\Handlers\FileHandler' driver.
DEBUG - 2026-01-04 03:25:47 --> Session: Class initialized using 'CodeIgniter\Session\Handlers\FileHandler' driver.
DEBUG - 2026-01-04 03:25:51 --> Session: Class initialized using 'CodeIgniter\Session\Handlers\FileHandler' driver.
DEBUG - 2026-01-04 03:25:59 --> Session: Class initialized using 'CodeIgniter\Session\Handlers\FileHandler' driver.
DEBUG - 2026-01-04 03:26:05 --> Session: Class initialized using 'CodeIgniter\Session\Handlers\FileHandler' driver.
DEBUG - 2026-01-04 03:26:30 --> Session: Class initialized using 'CodeIgniter\Session\Handlers\FileHandler' driver.
DEBUG - 2026-01-04 03:29:29 --> Session: Class initialized using 'CodeIgniter\Session\Handlers\FileHandler' driver.
DEBUG - 2026-01-04 03:29:40 --> Session: Class initialized using 'CodeIgniter\Session\Handlers\FileHandler' driver.
DEBUG - 2026-01-04 03:29:41 --> Session: Class initialized using 'CodeIgniter\Session\Handlers\FileHandler' driver.
DEBUG - 2026-01-04 03:29:49 --> Session: Class initialized using 'CodeIgniter\Session\Handlers\FileHandler' driver.
DEBUG - 2026-01-04 03:29:57 --> Session: Class initialized using 'CodeIgniter\Session\Handlers\FileHandler' driver.
ERROR - 2026-01-04 03:29:57 --> mysqli_sql_exception: Duplicate entry '0' for key 'PRIMARY' in C:\xampp\htdocs\rendi\system\Database\MySQLi\Connection.php:327
Stack trace:
#0 C:\xampp\htdocs\rendi\system\Database\MySQLi\Connection.php(327): mysqli->query('INSERT INTO `or...', 0)
#1 C:\xampp\htdocs\rendi\system\Database\BaseConnection.php(729): CodeIgniter\Database\MySQLi\Connection->execute('INSERT INTO `or...')
#2 C:\xampp\htdocs\rendi\system\Database\BaseConnection.php(646): CodeIgniter\Database\BaseConnection->simpleQuery('INSERT INTO `or...')
#3 C:\xampp\htdocs\rendi\system\Database\BaseBuilder.php(2345): CodeIgniter\Database\BaseConnection->query('INSERT INTO `or...', Array, false)
#4 C:\xampp\htdocs\rendi\system\Model.php(394): CodeIgniter\Database\BaseBuilder->insert()
#5 C:\xampp\htdocs\rendi\system\BaseModel.php(838): CodeIgniter\Model->doInsert(Array)
#6 C:\xampp\htdocs\rendi\system\Model.php(797): CodeIgniter\BaseModel->insert(Array, true)
#7 C:\xampp\htdocs\rendi\app\Controllers\Order.php(65): CodeIgniter\Model->insert(Array)
#8 C:\xampp\htdocs\rendi\system\CodeIgniter.php(933): App\Controllers\Order->store()
#9 C:\xampp\htdocs\rendi\system\CodeIgniter.php(507): CodeIgniter\CodeIgniter->runController(Object(App\Controllers\Order))
#10 C:\xampp\htdocs\rendi\system\CodeIgniter.php(354): CodeIgniter\CodeIgniter->handleRequest(NULL, Object(Config\Cache), false)
#11 C:\xampp\htdocs\rendi\system\Boot.php(363): CodeIgniter\CodeIgniter->run()
#12 C:\xampp\htdocs\rendi\system\Boot.php(68): CodeIgniter\Boot::runCodeIgniter(Object(CodeIgniter\CodeIgniter))
#13 C:\xampp\htdocs\rendi\public\index.php(59): CodeIgniter\Boot::bootWeb(Object(Config\Paths))
#14 {main}
DEBUG - 2026-01-04 03:29:57 --> Session: Class initialized using 'CodeIgniter\Session\Handlers\FileHandler' driver.
DEBUG - 2026-01-04 03:40:24 --> Session: Class initialized using 'CodeIgniter\Session\Handlers\FileHandler' driver.
DEBUG - 2026-01-04 03:40:28 --> Session: Class initialized using 'CodeIgniter\Session\Handlers\FileHandler' driver.
ERROR - 2026-01-04 03:40:28 --> mysqli_sql_exception: Duplicate entry '0' for key 'PRIMARY' in C:\xampp\htdocs\rendi\system\Database\MySQLi\Connection.php:327
Stack trace:
#0 C:\xampp\htdocs\rendi\system\Database\MySQLi\Connection.php(327): mysqli->query('INSERT INTO `or...', 0)
#1 C:\xampp\htdocs\rendi\system\Database\BaseConnection.php(729): CodeIgniter\Database\MySQLi\Connection->execute('INSERT INTO `or...')
#2 C:\xampp\htdocs\rendi\system\Database\BaseConnection.php(646): CodeIgniter\Database\BaseConnection->simpleQuery('INSERT INTO `or...')
#3 C:\xampp\htdocs\rendi\system\Database\BaseBuilder.php(2345): CodeIgniter\Database\BaseConnection->query('INSERT INTO `or...', Array, false)
#4 C:\xampp\htdocs\rendi\system\Model.php(394): CodeIgniter\Database\BaseBuilder->insert()
#5 C:\xampp\htdocs\rendi\system\BaseModel.php(838): CodeIgniter\Model->doInsert(Array)
#6 C:\xampp\htdocs\rendi\system\Model.php(797): CodeIgniter\BaseModel->insert(Array, true)
#7 C:\xampp\htdocs\rendi\app\Controllers\Order.php(65): CodeIgniter\Model->insert(Array)
#8 C:\xampp\htdocs\rendi\system\CodeIgniter.php(933): App\Controllers\Order->store()
#9 C:\xampp\htdocs\rendi\system\CodeIgniter.php(507): CodeIgniter\CodeIgniter->runController(Object(App\Controllers\Order))
#10 C:\xampp\htdocs\rendi\system\CodeIgniter.php(354): CodeIgniter\CodeIgniter->handleRequest(NULL, Object(Config\Cache), false)
#11 C:\xampp\htdocs\rendi\system\Boot.php(363): CodeIgniter\CodeIgniter->run()
#12 C:\xampp\htdocs\rendi\system\Boot.php(68): CodeIgniter\Boot::runCodeIgniter(Object(CodeIgniter\CodeIgniter))
#13 C:\xampp\htdocs\rendi\public\index.php(59): CodeIgniter\Boot::bootWeb(Object(Config\Paths))
#14 {main}
DEBUG - 2026-01-04 03:40:28 --> Session: Class initialized using 'CodeIgniter\Session\Handlers\FileHandler' driver.
DEBUG - 2026-01-04 03:40:38 --> Session: Class initialized using 'CodeIgniter\Session\Handlers\FileHandler' driver.
DEBUG - 2026-01-04 03:40:41 --> Session: Class initialized using 'CodeIgniter\Session\Handlers\FileHandler' driver.
DEBUG - 2026-01-04 03:40:42 --> Session: Class initialized using 'CodeIgniter\Session\Handlers\FileHandler' driver.
DEBUG - 2026-01-04 03:40:42 --> Session: Class initialized using 'CodeIgniter\Session\Handlers\FileHandler' driver.
DEBUG - 2026-01-04 03:40:42 --> Session: Class initialized using 'CodeIgniter\Session\Handlers\FileHandler' driver.
DEBUG - 2026-01-04 03:42:54 --> Session: Class initialized using 'CodeIgniter\Session\Handlers\FileHandler' driver.
DEBUG - 2026-01-04 03:43:00 --> Session: Class initialized using 'CodeIgniter\Session\Handlers\FileHandler' driver.
DEBUG - 2026-01-04 03:43:04 --> Session: Class initialized using 'CodeIgniter\Session\Handlers\FileHandler' driver.
ERROR - 2026-01-04 03:43:04 --> mysqli_sql_exception: Duplicate entry '0' for key 'PRIMARY' in C:\xampp\htdocs\rendi\system\Database\MySQLi\Connection.php:327
Stack trace:
#0 C:\xampp\htdocs\rendi\system\Database\MySQLi\Connection.php(327): mysqli->query('INSERT INTO `or...', 0)
#1 C:\xampp\htdocs\rendi\system\Database\BaseConnection.php(729): CodeIgniter\Database\MySQLi\Connection->execute('INSERT INTO `or...')
#2 C:\xampp\htdocs\rendi\system\Database\BaseConnection.php(646): CodeIgniter\Database\BaseConnection->simpleQuery('INSERT INTO `or...')
#3 C:\xampp\htdocs\rendi\system\Database\BaseBuilder.php(2345): CodeIgniter\Database\BaseConnection->query('INSERT INTO `or...', Array, false)
#4 C:\xampp\htdocs\rendi\system\Model.php(394): CodeIgniter\Database\BaseBuilder->insert()
#5 C:\xampp\htdocs\rendi\system\BaseModel.php(838): CodeIgniter\Model->doInsert(Array)
#6 C:\xampp\htdocs\rendi\system\Model.php(797): CodeIgniter\BaseModel->insert(Array, true)
#7 C:\xampp\htdocs\rendi\app\Controllers\Order.php(65): CodeIgniter\Model->insert(Array)
#8 C:\xampp\htdocs\rendi\system\CodeIgniter.php(933): App\Controllers\Order->store()
#9 C:\xampp\htdocs\rendi\system\CodeIgniter.php(507): CodeIgniter\CodeIgniter->runController(Object(App\Controllers\Order))
#10 C:\xampp\htdocs\rendi\system\CodeIgniter.php(354): CodeIgniter\CodeIgniter->handleRequest(NULL, Object(Config\Cache), false)
#11 C:\xampp\htdocs\rendi\system\Boot.php(363): CodeIgniter\CodeIgniter->run()
#12 C:\xampp\htdocs\rendi\system\Boot.php(68): CodeIgniter\Boot::runCodeIgniter(Object(CodeIgniter\CodeIgniter))
#13 C:\xampp\htdocs\rendi\public\index.php(59): CodeIgniter\Boot::bootWeb(Object(Config\Paths))
#14 {main}
DEBUG - 2026-01-04 03:43:04 --> Session: Class initialized using 'CodeIgniter\Session\Handlers\FileHandler' driver.
DEBUG - 2026-01-04 03:43:13 --> Session: Class initialized using 'CodeIgniter\Session\Handlers\FileHandler' driver.
DEBUG - 2026-01-04 03:43:16 --> Session: Class initialized using 'CodeIgniter\Session\Handlers\FileHandler' driver.
DEBUG - 2026-01-04 03:43:24 --> Session: Class initialized using 'CodeIgniter\Session\Handlers\FileHandler' driver.
ERROR - 2026-01-04 03:43:24 --> mysqli_sql_exception: Duplicate entry '0' for key 'PRIMARY' in C:\xampp\htdocs\rendi\system\Database\MySQLi\Connection.php:327
Stack trace:
#0 C:\xampp\htdocs\rendi\system\Database\MySQLi\Connection.php(327): mysqli->query('INSERT INTO `or...', 0)
#1 C:\xampp\htdocs\rendi\system\Database\BaseConnection.php(729): CodeIgniter\Database\MySQLi\Connection->execute('INSERT INTO `or...')
#2 C:\xampp\htdocs\rendi\system\Database\BaseConnection.php(646): CodeIgniter\Database\BaseConnection->simpleQuery('INSERT INTO `or...')
#3 C:\xampp\htdocs\rendi\system\Database\BaseBuilder.php(2345): CodeIgniter\Database\BaseConnection->query('INSERT INTO `or...', Array, false)
#4 C:\xampp\htdocs\rendi\system\Model.php(394): CodeIgniter\Database\BaseBuilder->insert()
#5 C:\xampp\htdocs\rendi\system\BaseModel.php(838): CodeIgniter\Model->doInsert(Array)
#6 C:\xampp\htdocs\rendi\system\Model.php(797): CodeIgniter\BaseModel->insert(Array, true)
#7 C:\xampp\htdocs\rendi\app\Controllers\Order.php(65): CodeIgniter\Model->insert(Array)
#8 C:\xampp\htdocs\rendi\system\CodeIgniter.php(933): App\Controllers\Order->store()
#9 C:\xampp\htdocs\rendi\system\CodeIgniter.php(507): CodeIgniter\CodeIgniter->runController(Object(App\Controllers\Order))
#10 C:\xampp\htdocs\rendi\system\CodeIgniter.php(354): CodeIgniter\CodeIgniter->handleRequest(NULL, Object(Config\Cache), false)
#11 C:\xampp\htdocs\rendi\system\Boot.php(363): CodeIgniter\CodeIgniter->run()
#12 C:\xampp\htdocs\rendi\system\Boot.php(68): CodeIgniter\Boot::runCodeIgniter(Object(CodeIgniter\CodeIgniter))
#13 C:\xampp\htdocs\rendi\public\index.php(59): CodeIgniter\Boot::bootWeb(Object(Config\Paths))
#14 {main}
DEBUG - 2026-01-04 03:43:24 --> Session: Class initialized using 'CodeIgniter\Session\Handlers\FileHandler' driver.
DEBUG - 2026-01-04 03:44:44 --> Session: Class initialized using 'CodeIgniter\Session\Handlers\FileHandler' driver.
DEBUG - 2026-01-04 03:44:48 --> Session: Class initialized using 'CodeIgniter\Session\Handlers\FileHandler' driver.
DEBUG - 2026-01-04 03:44:49 --> Session: Class initialized using 'CodeIgniter\Session\Handlers\FileHandler' driver.
DEBUG - 2026-01-04 03:44:53 --> Session: Class initialized using 'CodeIgniter\Session\Handlers\FileHandler' driver.
ERROR - 2026-01-04 03:44:53 --> mysqli_sql_exception: Duplicate entry '0' for key 'PRIMARY' in C:\xampp\htdocs\rendi\system\Database\MySQLi\Connection.php:327
Stack trace:
#0 C:\xampp\htdocs\rendi\system\Database\MySQLi\Connection.php(327): mysqli->query('INSERT INTO `or...', 0)
#1 C:\xampp\htdocs\rendi\system\Database\BaseConnection.php(729): CodeIgniter\Database\MySQLi\Connection->execute('INSERT INTO `or...')
#2 C:\xampp\htdocs\rendi\system\Database\BaseConnection.php(646): CodeIgniter\Database\BaseConnection->simpleQuery('INSERT INTO `or...')
#3 C:\xampp\htdocs\rendi\system\Database\BaseBuilder.php(2345): CodeIgniter\Database\BaseConnection->query('INSERT INTO `or...', Array, false)
#4 C:\xampp\htdocs\rendi\system\Model.php(394): CodeIgniter\Database\BaseBuilder->insert()
#5 C:\xampp\htdocs\rendi\system\BaseModel.php(838): CodeIgniter\Model->doInsert(Array)
#6 C:\xampp\htdocs\rendi\system\Model.php(797): CodeIgniter\BaseModel->insert(Array, true)
#7 C:\xampp\htdocs\rendi\app\Controllers\Order.php(59): CodeIgniter\Model->insert(Array)
#8 C:\xampp\htdocs\rendi\system\CodeIgniter.php(933): App\Controllers\Order->store()
#9 C:\xampp\htdocs\rendi\system\CodeIgniter.php(507): CodeIgniter\CodeIgniter->runController(Object(App\Controllers\Order))
#10 C:\xampp\htdocs\rendi\system\CodeIgniter.php(354): CodeIgniter\CodeIgniter->handleRequest(NULL, Object(Config\Cache), false)
#11 C:\xampp\htdocs\rendi\system\Boot.php(363): CodeIgniter\CodeIgniter->run()
#12 C:\xampp\htdocs\rendi\system\Boot.php(68): CodeIgniter\Boot::runCodeIgniter(Object(CodeIgniter\CodeIgniter))
#13 C:\xampp\htdocs\rendi\public\index.php(59): CodeIgniter\Boot::bootWeb(Object(Config\Paths))
#14 {main}
DEBUG - 2026-01-04 03:44:53 --> Session: Class initialized using 'CodeIgniter\Session\Handlers\FileHandler' driver.
DEBUG - 2026-01-04 03:44:58 --> Session: Class initialized using 'CodeIgniter\Session\Handlers\FileHandler' driver.
DEBUG - 2026-01-04 03:44:59 --> Session: Class initialized using 'CodeIgniter\Session\Handlers\FileHandler' driver.
DEBUG - 2026-01-04 03:44:59 --> Session: Class initialized using 'CodeIgniter\Session\Handlers\FileHandler' driver.
DEBUG - 2026-01-04 03:45:03 --> Session: Class initialized using 'CodeIgniter\Session\Handlers\FileHandler' driver.
DEBUG - 2026-01-04 03:45:59 --> Session: Class initialized using 'CodeIgniter\Session\Handlers\FileHandler' driver.
DEBUG - 2026-01-04 03:46:04 --> Session: Class initialized using 'CodeIgniter\Session\Handlers\FileHandler' driver.
DEBUG - 2026-01-04 03:46:12 --> Session: Class initialized using 'CodeIgniter\Session\Handlers\FileHandler' driver.
DEBUG - 2026-01-04 03:46:18 --> Session: Class initialized using 'CodeIgniter\Session\Handlers\FileHandler' driver.
ERROR - 2026-01-04 03:46:18 --> mysqli_sql_exception: Duplicate entry '0' for key 'PRIMARY' in C:\xampp\htdocs\rendi\system\Database\MySQLi\Connection.php:327
Stack trace:
#0 C:\xampp\htdocs\rendi\system\Database\MySQLi\Connection.php(327): mysqli->query('INSERT INTO `or...', 0)
#1 C:\xampp\htdocs\rendi\system\Database\BaseConnection.php(729): CodeIgniter\Database\MySQLi\Connection->execute('INSERT INTO `or...')
#2 C:\xampp\htdocs\rendi\system\Database\BaseConnection.php(646): CodeIgniter\Database\BaseConnection->simpleQuery('INSERT INTO `or...')
#3 C:\xampp\htdocs\rendi\system\Database\BaseBuilder.php(2345): CodeIgniter\Database\BaseConnection->query('INSERT INTO `or...', Array, false)
#4 C:\xampp\htdocs\rendi\system\Model.php(394): CodeIgniter\Database\BaseBuilder->insert()
#5 C:\xampp\htdocs\rendi\system\BaseModel.php(838): CodeIgniter\Model->doInsert(Array)
#6 C:\xampp\htdocs\rendi\system\Model.php(797): CodeIgniter\BaseModel->insert(Array, true)
#7 C:\xampp\htdocs\rendi\app\Controllers\Order.php(59): CodeIgniter\Model->insert(Array)
#8 C:\xampp\htdocs\rendi\system\CodeIgniter.php(933): App\Controllers\Order->store()
#9 C:\xampp\htdocs\rendi\system\CodeIgniter.php(507): CodeIgniter\CodeIgniter->runController(Object(App\Controllers\Order))
#10 C:\xampp\htdocs\rendi\system\CodeIgniter.php(354): CodeIgniter\CodeIgniter->handleRequest(NULL, Object(Config\Cache), false)
#11 C:\xampp\htdocs\rendi\system\Boot.php(363): CodeIgniter\CodeIgniter->run()
#12 C:\xampp\htdocs\rendi\system\Boot.php(68): CodeIgniter\Boot::runCodeIgniter(Object(CodeIgniter\CodeIgniter))
#13 C:\xampp\htdocs\rendi\public\index.php(59): CodeIgniter\Boot::bootWeb(Object(Config\Paths))
#14 {main}
DEBUG - 2026-01-04 03:46:18 --> Session: Class initialized using 'CodeIgniter\Session\Handlers\FileHandler' driver.
DEBUG - 2026-01-04 03:48:42 --> Session: Class initialized using 'CodeIgniter\Session\Handlers\FileHandler' driver.
DEBUG - 2026-01-04 03:48:45 --> Session: Class initialized using 'CodeIgniter\Session\Handlers\FileHandler' driver.
ERROR - 2026-01-04 03:48:45 --> mysqli_sql_exception: Duplicate entry '0' for key 'PRIMARY' in C:\xampp\htdocs\rendi\system\Database\MySQLi\Connection.php:327
Stack trace:
#0 C:\xampp\htdocs\rendi\system\Database\MySQLi\Connection.php(327): mysqli->query('INSERT INTO `or...', 0)
#1 C:\xampp\htdocs\rendi\system\Database\BaseConnection.php(729): CodeIgniter\Database\MySQLi\Connection->execute('INSERT INTO `or...')
#2 C:\xampp\htdocs\rendi\system\Database\BaseConnection.php(646): CodeIgniter\Database\BaseConnection->simpleQuery('INSERT INTO `or...')
#3 C:\xampp\htdocs\rendi\system\Database\BaseBuilder.php(2345): CodeIgniter\Database\BaseConnection->query('INSERT INTO `or...', Array, false)
#4 C:\xampp\htdocs\rendi\system\Model.php(394): CodeIgniter\Database\BaseBuilder->insert()
#5 C:\xampp\htdocs\rendi\system\BaseModel.php(838): CodeIgniter\Model->doInsert(Array)
#6 C:\xampp\htdocs\rendi\system\Model.php(797): CodeIgniter\BaseModel->insert(Array, true)
#7 C:\xampp\htdocs\rendi\app\Controllers\Order.php(63): CodeIgniter\Model->insert(Array)
#8 C:\xampp\htdocs\rendi\system\CodeIgniter.php(933): App\Controllers\Order->store()
#9 C:\xampp\htdocs\rendi\system\CodeIgniter.php(507): CodeIgniter\CodeIgniter->runController(Object(App\Controllers\Order))
#10 C:\xampp\htdocs\rendi\system\CodeIgniter.php(354): CodeIgniter\CodeIgniter->handleRequest(NULL, Object(Config\Cache), false)
#11 C:\xampp\htdocs\rendi\system\Boot.php(363): CodeIgniter\CodeIgniter->run()
#12 C:\xampp\htdocs\rendi\system\Boot.php(68): CodeIgniter\Boot::runCodeIgniter(Object(CodeIgniter\CodeIgniter))
#13 C:\xampp\htdocs\rendi\public\index.php(59): CodeIgniter\Boot::bootWeb(Object(Config\Paths))
#14 {main}
DEBUG - 2026-01-04 03:48:46 --> Session: Class initialized using 'CodeIgniter\Session\Handlers\FileHandler' driver.
DEBUG - 2026-01-04 03:49:40 --> Session: Class initialized using 'CodeIgniter\Session\Handlers\FileHandler' driver.
DEBUG - 2026-01-04 03:49:42 --> Session: Class initialized using 'CodeIgniter\Session\Handlers\FileHandler' driver.
ERROR - 2026-01-04 03:49:43 --> mysqli_sql_exception: Duplicate entry '0' for key 'PRIMARY' in C:\xampp\htdocs\rendi\system\Database\MySQLi\Connection.php:327
Stack trace:
#0 C:\xampp\htdocs\rendi\system\Database\MySQLi\Connection.php(327): mysqli->query('INSERT INTO `or...', 0)
#1 C:\xampp\htdocs\rendi\system\Database\BaseConnection.php(729): CodeIgniter\Database\MySQLi\Connection->execute('INSERT INTO `or...')
#2 C:\xampp\htdocs\rendi\system\Database\BaseConnection.php(646): CodeIgniter\Database\BaseConnection->simpleQuery('INSERT INTO `or...')
#3 C:\xampp\htdocs\rendi\system\Database\BaseBuilder.php(2345): CodeIgniter\Database\BaseConnection->query('INSERT INTO `or...', Array, false)
#4 C:\xampp\htdocs\rendi\system\Model.php(394): CodeIgniter\Database\BaseBuilder->insert()
#5 C:\xampp\htdocs\rendi\system\BaseModel.php(838): CodeIgniter\Model->doInsert(Array)
#6 C:\xampp\htdocs\rendi\system\Model.php(797): CodeIgniter\BaseModel->insert(Array, true)
#7 C:\xampp\htdocs\rendi\app\Controllers\Order.php(72): CodeIgniter\Model->insert(Array)
#8 C:\xampp\htdocs\rendi\system\CodeIgniter.php(933): App\Controllers\Order->store()
#9 C:\xampp\htdocs\rendi\system\CodeIgniter.php(507): CodeIgniter\CodeIgniter->runController(Object(App\Controllers\Order))
#10 C:\xampp\htdocs\rendi\system\CodeIgniter.php(354): CodeIgniter\CodeIgniter->handleRequest(NULL, Object(Config\Cache), false)
#11 C:\xampp\htdocs\rendi\system\Boot.php(363): CodeIgniter\CodeIgniter->run()
#12 C:\xampp\htdocs\rendi\system\Boot.php(68): CodeIgniter\Boot::runCodeIgniter(Object(CodeIgniter\CodeIgniter))
#13 C:\xampp\htdocs\rendi\public\index.php(59): CodeIgniter\Boot::bootWeb(Object(Config\Paths))
#14 {main}
DEBUG - 2026-01-04 03:49:43 --> Session: Class initialized using 'CodeIgniter\Session\Handlers\FileHandler' driver.
DEBUG - 2026-01-04 03:50:51 --> Session: Class initialized using 'CodeIgniter\Session\Handlers\FileHandler' driver.
DEBUG - 2026-01-04 03:50:55 --> Session: Class initialized using 'CodeIgniter\Session\Handlers\FileHandler' driver.
ERROR - 2026-01-04 03:50:55 --> mysqli_sql_exception: Duplicate entry '0' for key 'PRIMARY' in C:\xampp\htdocs\rendi\system\Database\MySQLi\Connection.php:327
Stack trace:
#0 C:\xampp\htdocs\rendi\system\Database\MySQLi\Connection.php(327): mysqli->query('INSERT INTO `or...', 0)
#1 C:\xampp\htdocs\rendi\system\Database\BaseConnection.php(729): CodeIgniter\Database\MySQLi\Connection->execute('INSERT INTO `or...')
#2 C:\xampp\htdocs\rendi\system\Database\BaseConnection.php(646): CodeIgniter\Database\BaseConnection->simpleQuery('INSERT INTO `or...')
#3 C:\xampp\htdocs\rendi\system\Database\BaseBuilder.php(2345): CodeIgniter\Database\BaseConnection->query('INSERT INTO `or...', Array, false)
#4 C:\xampp\htdocs\rendi\system\Model.php(394): CodeIgniter\Database\BaseBuilder->insert()
#5 C:\xampp\htdocs\rendi\system\BaseModel.php(838): CodeIgniter\Model->doInsert(Array)
#6 C:\xampp\htdocs\rendi\system\Model.php(797): CodeIgniter\BaseModel->insert(Array, true)
#7 C:\xampp\htdocs\rendi\app\Controllers\Order.php(72): CodeIgniter\Model->insert(Array)
#8 C:\xampp\htdocs\rendi\system\CodeIgniter.php(933): App\Controllers\Order->store()
#9 C:\xampp\htdocs\rendi\system\CodeIgniter.php(507): CodeIgniter\CodeIgniter->runController(Object(App\Controllers\Order))
#10 C:\xampp\htdocs\rendi\system\CodeIgniter.php(354): CodeIgniter\CodeIgniter->handleRequest(NULL, Object(Config\Cache), false)
#11 C:\xampp\htdocs\rendi\system\Boot.php(363): CodeIgniter\CodeIgniter->run()
#12 C:\xampp\htdocs\rendi\system\Boot.php(68): CodeIgniter\Boot::runCodeIgniter(Object(CodeIgniter\CodeIgniter))
#13 C:\xampp\htdocs\rendi\public\index.php(59): CodeIgniter\Boot::bootWeb(Object(Config\Paths))
#14 {main}
DEBUG - 2026-01-04 03:50:55 --> Session: Class initialized using 'CodeIgniter\Session\Handlers\FileHandler' driver.
DEBUG - 2026-01-04 03:53:43 --> Session: Class initialized using 'CodeIgniter\Session\Handlers\FileHandler' driver.
DEBUG - 2026-01-04 03:53:46 --> Session: Class initialized using 'CodeIgniter\Session\Handlers\FileHandler' driver.
ERROR - 2026-01-04 03:53:46 --> mysqli_sql_exception: Duplicate entry '0' for key 'PRIMARY' in C:\xampp\htdocs\rendi\system\Database\MySQLi\Connection.php:327
Stack trace:
#0 C:\xampp\htdocs\rendi\system\Database\MySQLi\Connection.php(327): mysqli->query('INSERT INTO `or...', 0)
#1 C:\xampp\htdocs\rendi\system\Database\BaseConnection.php(729): CodeIgniter\Database\MySQLi\Connection->execute('INSERT INTO `or...')
#2 C:\xampp\htdocs\rendi\system\Database\BaseConnection.php(646): CodeIgniter\Database\BaseConnection->simpleQuery('INSERT INTO `or...')
#3 C:\xampp\htdocs\rendi\system\Database\BaseBuilder.php(2345): CodeIgniter\Database\BaseConnection->query('INSERT INTO `or...', Array, false)
#4 C:\xampp\htdocs\rendi\system\Model.php(394): CodeIgniter\Database\BaseBuilder->insert()
#5 C:\xampp\htdocs\rendi\system\BaseModel.php(838): CodeIgniter\Model->doInsert(Array)
#6 C:\xampp\htdocs\rendi\system\Model.php(797): CodeIgniter\BaseModel->insert(Array, true)
#7 C:\xampp\htdocs\rendi\app\Controllers\Order.php(72): CodeIgniter\Model->insert(Array)
#8 C:\xampp\htdocs\rendi\system\CodeIgniter.php(933): App\Controllers\Order->store()
#9 C:\xampp\htdocs\rendi\system\CodeIgniter.php(507): CodeIgniter\CodeIgniter->runController(Object(App\Controllers\Order))
#10 C:\xampp\htdocs\rendi\system\CodeIgniter.php(354): CodeIgniter\CodeIgniter->handleRequest(NULL, Object(Config\Cache), false)
#11 C:\xampp\htdocs\rendi\system\Boot.php(363): CodeIgniter\CodeIgniter->run()
#12 C:\xampp\htdocs\rendi\system\Boot.php(68): CodeIgniter\Boot::runCodeIgniter(Object(CodeIgniter\CodeIgniter))
#13 C:\xampp\htdocs\rendi\public\index.php(59): CodeIgniter\Boot::bootWeb(Object(Config\Paths))
#14 {main}
DEBUG - 2026-01-04 03:53:46 --> Session: Class initialized using 'CodeIgniter\Session\Handlers\FileHandler' driver.
DEBUG - 2026-01-04 03:54:01 --> Session: Class initialized using 'CodeIgniter\Session\Handlers\FileHandler' driver.
ERROR - 2026-01-04 03:54:01 --> mysqli_sql_exception: Duplicate entry '0' for key 'PRIMARY' in C:\xampp\htdocs\rendi\system\Database\MySQLi\Connection.php:327
Stack trace:
#0 C:\xampp\htdocs\rendi\system\Database\MySQLi\Connection.php(327): mysqli->query('INSERT INTO `or...', 0)
#1 C:\xampp\htdocs\rendi\system\Database\BaseConnection.php(729): CodeIgniter\Database\MySQLi\Connection->execute('INSERT INTO `or...')
#2 C:\xampp\htdocs\rendi\system\Database\BaseConnection.php(646): CodeIgniter\Database\BaseConnection->simpleQuery('INSERT INTO `or...')
#3 C:\xampp\htdocs\rendi\system\Database\BaseBuilder.php(2345): CodeIgniter\Database\BaseConnection->query('INSERT INTO `or...', Array, false)
#4 C:\xampp\htdocs\rendi\system\Model.php(394): CodeIgniter\Database\BaseBuilder->insert()
#5 C:\xampp\htdocs\rendi\system\BaseModel.php(838): CodeIgniter\Model->doInsert(Array)
#6 C:\xampp\htdocs\rendi\system\Model.php(797): CodeIgniter\BaseModel->insert(Array, true)
#7 C:\xampp\htdocs\rendi\app\Controllers\Order.php(72): CodeIgniter\Model->insert(Array)
#8 C:\xampp\htdocs\rendi\system\CodeIgniter.php(933): App\Controllers\Order->store()
#9 C:\xampp\htdocs\rendi\system\CodeIgniter.php(507): CodeIgniter\CodeIgniter->runController(Object(App\Controllers\Order))
#10 C:\xampp\htdocs\rendi\system\CodeIgniter.php(354): CodeIgniter\CodeIgniter->handleRequest(NULL, Object(Config\Cache), false)
#11 C:\xampp\htdocs\rendi\system\Boot.php(363): CodeIgniter\CodeIgniter->run()
#12 C:\xampp\htdocs\rendi\system\Boot.php(68): CodeIgniter\Boot::runCodeIgniter(Object(CodeIgniter\CodeIgniter))
#13 C:\xampp\htdocs\rendi\public\index.php(59): CodeIgniter\Boot::bootWeb(Object(Config\Paths))
#14 {main}
DEBUG - 2026-01-04 03:54:02 --> Session: Class initialized using 'CodeIgniter\Session\Handlers\FileHandler' driver.
DEBUG - 2026-01-04 03:54:38 --> Session: Class initialized using 'CodeIgniter\Session\Handlers\FileHandler' driver.
DEBUG - 2026-01-04 03:54:40 --> Session: Class initialized using 'CodeIgniter\Session\Handlers\FileHandler' driver.
DEBUG - 2026-01-04 03:54:47 --> Session: Class initialized using 'CodeIgniter\Session\Handlers\FileHandler' driver.
DEBUG - 2026-01-04 03:54:47 --> Session: Class initialized using 'CodeIgniter\Session\Handlers\FileHandler' driver.
DEBUG - 2026-01-04 03:59:15 --> Session: Class initialized using 'CodeIgniter\Session\Handlers\FileHandler' driver.
DEBUG - 2026-01-04 04:22:01 --> Session: Class initialized using 'CodeIgniter\Session\Handlers\FileHandler' driver.
DEBUG - 2026-01-04 04:25:43 --> Session: Class initialized using 'CodeIgniter\Session\Handlers\FileHandler' driver.
DEBUG - 2026-01-04 04:25:44 --> Session: Class initialized using 'CodeIgniter\Session\Handlers\FileHandler' driver.
DEBUG - 2026-01-04 04:25:46 --> Session: Class initialized using 'CodeIgniter\Session\Handlers\FileHandler' driver.
DEBUG - 2026-01-04 04:27:11 --> Session: Class initialized using 'CodeIgniter\Session\Handlers\FileHandler' driver.
DEBUG - 2026-01-04 04:27:18 --> Session: Class initialized using 'CodeIgniter\Session\Handlers\FileHandler' driver.
DEBUG - 2026-01-04 04:27:21 --> Session: Class initialized using 'CodeIgniter\Session\Handlers\FileHandler' driver.
DEBUG - 2026-01-04 04:27:23 --> Session: Class initialized using 'CodeIgniter\Session\Handlers\FileHandler' driver.
DEBUG - 2026-01-04 04:28:20 --> Session: Class initialized using 'CodeIgniter\Session\Handlers\FileHandler' driver.
DEBUG - 2026-01-04 04:29:34 --> Session: Class initialized using 'CodeIgniter\Session\Handlers\FileHandler' driver.
DEBUG - 2026-01-04 04:30:28 --> Session: Class initialized using 'CodeIgniter\Session\Handlers\FileHandler' driver.
DEBUG - 2026-01-04 04:30:29 --> Session: Class initialized using 'CodeIgniter\Session\Handlers\FileHandler' driver.
DEBUG - 2026-01-04 04:31:45 --> Session: Class initialized using 'CodeIgniter\Session\Handlers\FileHandler' driver.
DEBUG - 2026-01-04 04:31:58 --> Session: Class initialized using 'CodeIgniter\Session\Handlers\FileHandler' driver.
DEBUG - 2026-01-04 04:32:07 --> Session: Class initialized using 'CodeIgniter\Session\Handlers\FileHandler' driver.
DEBUG - 2026-01-04 04:33:24 --> Session: Class initialized using 'CodeIgniter\Session\Handlers\FileHandler' driver.
DEBUG - 2026-01-04 04:33:29 --> Session: Class initialized using 'CodeIgniter\Session\Handlers\FileHandler' driver.
DEBUG - 2026-01-04 04:38:23 --> Session: Class initialized using 'CodeIgniter\Session\Handlers\FileHandler' driver.
DEBUG - 2026-01-04 04:38:23 --> Session: Class initialized using 'CodeIgniter\Session\Handlers\FileHandler' driver.
DEBUG - 2026-01-04 04:38:27 --> Session: Class initialized using 'CodeIgniter\Session\Handlers\FileHandler' driver.
DEBUG - 2026-01-04 04:38:41 --> Session: Class initialized using 'CodeIgniter\Session\Handlers\FileHandler' driver.
DEBUG - 2026-01-04 04:38:43 --> Session: Class initialized using 'CodeIgniter\Session\Handlers\FileHandler' driver.
DEBUG - 2026-01-04 04:38:48 --> Session: Class initialized using 'CodeIgniter\Session\Handlers\FileHandler' driver.
DEBUG - 2026-01-04 04:42:24 --> Session: Class initialized using 'CodeIgniter\Session\Handlers\FileHandler' driver.
DEBUG - 2026-01-04 04:42:37 --> Session: Class initialized using 'CodeIgniter\Session\Handlers\FileHandler' driver.
DEBUG - 2026-01-04 04:42:38 --> Session: Class initialized using 'CodeIgniter\Session\Handlers\FileHandler' driver.
DEBUG - 2026-01-04 07:09:16 --> Session: Class initialized using 'CodeIgniter\Session\Handlers\FileHandler' driver.
DEBUG - 2026-01-04 07:09:21 --> Session: Class initialized using 'CodeIgniter\Session\Handlers\FileHandler' driver.
DEBUG - 2026-01-04 07:09:21 --> Session: Class initialized using 'CodeIgniter\Session\Handlers\FileHandler' driver.
DEBUG - 2026-01-04 07:09:28 --> Session: Class initialized using 'CodeIgniter\Session\Handlers\FileHandler' driver.
DEBUG - 2026-01-04 07:09:43 --> Session: Class initialized using 'CodeIgniter\Session\Handlers\FileHandler' driver.
DEBUG - 2026-01-04 07:09:47 --> Session: Class initialized using 'CodeIgniter\Session\Handlers\FileHandler' driver.
DEBUG - 2026-01-04 07:09:58 --> Session: Class initialized using 'CodeIgniter\Session\Handlers\FileHandler' driver.
DEBUG - 2026-01-04 07:09:58 --> Session: Class initialized using 'CodeIgniter\Session\Handlers\FileHandler' driver.
DEBUG - 2026-01-04 07:10:01 --> Session: Class initialized using 'CodeIgniter\Session\Handlers\FileHandler' driver.
DEBUG - 2026-01-04 07:10:09 --> Session: Class initialized using 'CodeIgniter\Session\Handlers\FileHandler' driver.
DEBUG - 2026-01-04 07:12:10 --> Session: Class initialized using 'CodeIgniter\Session\Handlers\FileHandler' driver.
DEBUG - 2026-01-04 07:12:12 --> Session: Class initialized using 'CodeIgniter\Session\Handlers\FileHandler' driver.
DEBUG - 2026-01-04 07:12:15 --> Session: Class initialized using 'CodeIgniter\Session\Handlers\FileHandler' driver.
DEBUG - 2026-01-04 07:12:16 --> Session: Class initialized using 'CodeIgniter\Session\Handlers\FileHandler' driver.
DEBUG - 2026-01-04 07:12:19 --> Session: Class initialized using 'CodeIgniter\Session\Handlers\FileHandler' driver.
DEBUG - 2026-01-04 07:12:20 --> Session: Class initialized using 'CodeIgniter\Session\Handlers\FileHandler' driver.
DEBUG - 2026-01-04 07:12:21 --> Session: Class initialized using 'CodeIgniter\Session\Handlers\FileHandler' driver.
DEBUG - 2026-01-04 07:12:25 --> Session: Class initialized using 'CodeIgniter\Session\Handlers\FileHandler' driver.
DEBUG - 2026-01-04 07:13:31 --> Session: Class initialized using 'CodeIgniter\Session\Handlers\FileHandler' driver.
DEBUG - 2026-01-04 07:13:31 --> Session: Class initialized using 'CodeIgniter\Session\Handlers\FileHandler' driver.
DEBUG - 2026-01-04 07:13:40 --> Session: Class initialized using 'CodeIgniter\Session\Handlers\FileHandler' driver.
DEBUG - 2026-01-04 07:13:41 --> Session: Class initialized using 'CodeIgniter\Session\Handlers\FileHandler' driver.
DEBUG - 2026-01-04 07:14:00 --> Session: Class initialized using 'CodeIgniter\Session\Handlers\FileHandler' driver.
DEBUG - 2026-01-04 07:14:10 --> Session: Class initialized using 'CodeIgniter\Session\Handlers\FileHandler' driver.
DEBUG - 2026-01-04 07:14:54 --> Session: Class initialized using 'CodeIgniter\Session\Handlers\FileHandler' driver.
CRITICAL - 2026-01-04 07:14:54 --> CodeIgniter\View\Exceptions\ViewException: Invalid file: "customer/index.php"
[Method: GET, Route: customer]
in SYSTEMPATH\Exceptions\FrameworkException.php on line 39.
 1 SYSTEMPATH\View\View.php(214): CodeIgniter\Exceptions\FrameworkException::forInvalidFile('customer/index.php')
 2 SYSTEMPATH\Common.php(1167): CodeIgniter\View\View->render('customer/index', [], true)
 3 APPPATH\Controllers\Customer.php(31): view('customer/index', [...])
 4 SYSTEMPATH\CodeIgniter.php(933): App\Controllers\Customer->index()
 5 SYSTEMPATH\CodeIgniter.php(507): CodeIgniter\CodeIgniter->runController(Object(App\Controllers\Customer))
 6 SYSTEMPATH\CodeIgniter.php(354): CodeIgniter\CodeIgniter->handleRequest(null, Object(Config\Cache), false)
 7 SYSTEMPATH\Boot.php(363): CodeIgniter\CodeIgniter->run()
 8 SYSTEMPATH\Boot.php(68): CodeIgniter\Boot::runCodeIgniter(Object(CodeIgniter\CodeIgniter))
 9 FCPATH\index.php(59): CodeIgniter\Boot::bootWeb(Object(Config\Paths))
DEBUG - 2026-01-04 07:17:03 --> Session: Class initialized using 'CodeIgniter\Session\Handlers\FileHandler' driver.
DEBUG - 2026-01-04 07:17:24 --> Session: Class initialized using 'CodeIgniter\Session\Handlers\FileHandler' driver.
DEBUG - 2026-01-04 07:17:30 --> Session: Class initialized using 'CodeIgniter\Session\Handlers\FileHandler' driver.
DEBUG - 2026-01-04 07:18:33 --> Session: Class initialized using 'CodeIgniter\Session\Handlers\FileHandler' driver.
DEBUG - 2026-01-04 07:18:41 --> Session: Class initialized using 'CodeIgniter\Session\Handlers\FileHandler' driver.
CRITICAL - 2026-01-04 07:18:41 --> CodeIgniter\View\Exceptions\ViewException: Invalid file: "customer/index.php"
[Method: GET, Route: customer]
in SYSTEMPATH\Exceptions\FrameworkException.php on line 39.
 1 SYSTEMPATH\View\View.php(214): CodeIgniter\Exceptions\FrameworkException::forInvalidFile('customer/index.php')
 2 SYSTEMPATH\Common.php(1167): CodeIgniter\View\View->render('customer/index', [], true)
 3 APPPATH\Controllers\Customer.php(31): view('customer/index', [...])
 4 SYSTEMPATH\CodeIgniter.php(933): App\Controllers\Customer->index()
 5 SYSTEMPATH\CodeIgniter.php(507): CodeIgniter\CodeIgniter->runController(Object(App\Controllers\Customer))
 6 SYSTEMPATH\CodeIgniter.php(354): CodeIgniter\CodeIgniter->handleRequest(null, Object(Config\Cache), false)
 7 SYSTEMPATH\Boot.php(363): CodeIgniter\CodeIgniter->run()
 8 SYSTEMPATH\Boot.php(68): CodeIgniter\Boot::runCodeIgniter(Object(CodeIgniter\CodeIgniter))
 9 FCPATH\index.php(59): CodeIgniter\Boot::bootWeb(Object(Config\Paths))
DEBUG - 2026-01-04 07:19:37 --> Session: Class initialized using 'CodeIgniter\Session\Handlers\FileHandler' driver.
CRITICAL - 2026-01-04 07:19:37 --> CodeIgniter\Pager\Exceptions\PagerException: "bootstrap_pagination" is not a valid Pager template.
[Method: GET, Route: customer]
in SYSTEMPATH\Pager\Pager.php on line 124.
 1 SYSTEMPATH\Pager\Pager.php(124): CodeIgniter\Pager\Exceptions\PagerException::forInvalidTemplate('bootstrap_pagination')
 2 SYSTEMPATH\Pager\Pager.php(87): CodeIgniter\Pager\Pager->displayLinks('customer', 'bootstrap_pagination')
 3 APPPATH\Views\customer\index.php(59): CodeIgniter\Pager\Pager->links('customer', 'bootstrap_pagination')
 4 SYSTEMPATH\View\View.php(226): include('C:\\xampp\\htdocs\\rendi\\app\\Views\\customer\\index.php')
 5 SYSTEMPATH\View\View.php(229): CodeIgniter\View\View->CodeIgniter\View\{closure}()
 6 SYSTEMPATH\Common.php(1167): CodeIgniter\View\View->render('customer/index', [], true)
 7 APPPATH\Controllers\Customer.php(31): view('customer/index', [...])
 8 SYSTEMPATH\CodeIgniter.php(933): App\Controllers\Customer->index()
 9 SYSTEMPATH\CodeIgniter.php(507): CodeIgniter\CodeIgniter->runController(Object(App\Controllers\Customer))
10 SYSTEMPATH\CodeIgniter.php(354): CodeIgniter\CodeIgniter->handleRequest(null, Object(Config\Cache), false)
11 SYSTEMPATH\Boot.php(363): CodeIgniter\CodeIgniter->run()
12 SYSTEMPATH\Boot.php(68): CodeIgniter\Boot::runCodeIgniter(Object(CodeIgniter\CodeIgniter))
13 FCPATH\index.php(59): CodeIgniter\Boot::bootWeb(Object(Config\Paths))
DEBUG - 2026-01-04 07:19:39 --> Session: Class initialized using 'CodeIgniter\Session\Handlers\FileHandler' driver.
DEBUG - 2026-01-04 07:19:44 --> Session: Class initialized using 'CodeIgniter\Session\Handlers\FileHandler' driver.
CRITICAL - 2026-01-04 07:19:45 --> CodeIgniter\Pager\Exceptions\PagerException: "bootstrap_pagination" is not a valid Pager template.
[Method: GET, Route: customer]
in SYSTEMPATH\Pager\Pager.php on line 124.
 1 SYSTEMPATH\Pager\Pager.php(124): CodeIgniter\Pager\Exceptions\PagerException::forInvalidTemplate('bootstrap_pagination')
 2 SYSTEMPATH\Pager\Pager.php(87): CodeIgniter\Pager\Pager->displayLinks('customer', 'bootstrap_pagination')
 3 APPPATH\Views\customer\index.php(59): CodeIgniter\Pager\Pager->links('customer', 'bootstrap_pagination')
 4 SYSTEMPATH\View\View.php(226): include('C:\\xampp\\htdocs\\rendi\\app\\Views\\customer\\index.php')
 5 SYSTEMPATH\View\View.php(229): CodeIgniter\View\View->CodeIgniter\View\{closure}()
 6 SYSTEMPATH\Common.php(1167): CodeIgniter\View\View->render('customer/index', [], true)
 7 APPPATH\Controllers\Customer.php(31): view('customer/index', [...])
 8 SYSTEMPATH\CodeIgniter.php(933): App\Controllers\Customer->index()
 9 SYSTEMPATH\CodeIgniter.php(507): CodeIgniter\CodeIgniter->runController(Object(App\Controllers\Customer))
10 SYSTEMPATH\CodeIgniter.php(354): CodeIgniter\CodeIgniter->handleRequest(null, Object(Config\Cache), false)
11 SYSTEMPATH\Boot.php(363): CodeIgniter\CodeIgniter->run()
12 SYSTEMPATH\Boot.php(68): CodeIgniter\Boot::runCodeIgniter(Object(CodeIgniter\CodeIgniter))
13 FCPATH\index.php(59): CodeIgniter\Boot::bootWeb(Object(Config\Paths))
DEBUG - 2026-01-04 07:19:52 --> Session: Class initialized using 'CodeIgniter\Session\Handlers\FileHandler' driver.
CRITICAL - 2026-01-04 07:19:52 --> CodeIgniter\Pager\Exceptions\PagerException: "bootstrap_pagination" is not a valid Pager template.
[Method: GET, Route: customer]
in SYSTEMPATH\Pager\Pager.php on line 124.
 1 SYSTEMPATH\Pager\Pager.php(124): CodeIgniter\Pager\Exceptions\PagerException::forInvalidTemplate('bootstrap_pagination')
 2 SYSTEMPATH\Pager\Pager.php(87): CodeIgniter\Pager\Pager->displayLinks('customer', 'bootstrap_pagination')
 3 APPPATH\Views\customer\index.php(59): CodeIgniter\Pager\Pager->links('customer', 'bootstrap_pagination')
 4 SYSTEMPATH\View\View.php(226): include('C:\\xampp\\htdocs\\rendi\\app\\Views\\customer\\index.php')
 5 SYSTEMPATH\View\View.php(229): CodeIgniter\View\View->CodeIgniter\View\{closure}()
 6 SYSTEMPATH\Common.php(1167): CodeIgniter\View\View->render('customer/index', [], true)
 7 APPPATH\Controllers\Customer.php(31): view('customer/index', [...])
 8 SYSTEMPATH\CodeIgniter.php(933): App\Controllers\Customer->index()
 9 SYSTEMPATH\CodeIgniter.php(507): CodeIgniter\CodeIgniter->runController(Object(App\Controllers\Customer))
10 SYSTEMPATH\CodeIgniter.php(354): CodeIgniter\CodeIgniter->handleRequest(null, Object(Config\Cache), false)
11 SYSTEMPATH\Boot.php(363): CodeIgniter\CodeIgniter->run()
12 SYSTEMPATH\Boot.php(68): CodeIgniter\Boot::runCodeIgniter(Object(CodeIgniter\CodeIgniter))
13 FCPATH\index.php(59): CodeIgniter\Boot::bootWeb(Object(Config\Paths))
DEBUG - 2026-01-04 07:21:12 --> Session: Class initialized using 'CodeIgniter\Session\Handlers\FileHandler' driver.
DEBUG - 2026-01-04 07:21:21 --> Session: Class initialized using 'CodeIgniter\Session\Handlers\FileHandler' driver.
DEBUG - 2026-01-04 07:21:23 --> Session: Class initialized using 'CodeIgniter\Session\Handlers\FileHandler' driver.
DEBUG - 2026-01-04 07:21:26 --> Session: Class initialized using 'CodeIgniter\Session\Handlers\FileHandler' driver.
DEBUG - 2026-01-04 07:22:25 --> Session: Class initialized using 'CodeIgniter\Session\Handlers\FileHandler' driver.
DEBUG - 2026-01-04 07:22:27 --> Session: Class initialized using 'CodeIgniter\Session\Handlers\FileHandler' driver.
DEBUG - 2026-01-04 07:22:29 --> Session: Class initialized using 'CodeIgniter\Session\Handlers\FileHandler' driver.
DEBUG - 2026-01-04 07:23:51 --> Session: Class initialized using 'CodeIgniter\Session\Handlers\FileHandler' driver.
DEBUG - 2026-01-04 07:24:43 --> Session: Class initialized using 'CodeIgniter\Session\Handlers\FileHandler' driver.
DEBUG - 2026-01-04 07:25:23 --> Session: Class initialized using 'CodeIgniter\Session\Handlers\FileHandler' driver.
DEBUG - 2026-01-04 07:25:30 --> Session: Class initialized using 'CodeIgniter\Session\Handlers\FileHandler' driver.
DEBUG - 2026-01-04 07:25:32 --> Session: Class initialized using 'CodeIgniter\Session\Handlers\FileHandler' driver.
DEBUG - 2026-01-04 07:26:43 --> Session: Class initialized using 'CodeIgniter\Session\Handlers\FileHandler' driver.
CRITICAL - 2026-01-04 07:26:43 --> CodeIgniter\View\Exceptions\ViewException: Invalid file: "customer/create.php"
[Method: GET, Route: customer/create]
in SYSTEMPATH\Exceptions\FrameworkException.php on line 39.
 1 SYSTEMPATH\View\View.php(214): CodeIgniter\Exceptions\FrameworkException::forInvalidFile('customer/create.php')
 2 SYSTEMPATH\Common.php(1167): CodeIgniter\View\View->render('customer/create', [], true)
 3 APPPATH\Controllers\Customer.php(24): view('customer/create', [...])
 4 SYSTEMPATH\CodeIgniter.php(933): App\Controllers\Customer->create()
 5 SYSTEMPATH\CodeIgniter.php(507): CodeIgniter\CodeIgniter->runController(Object(App\Controllers\Customer))
 6 SYSTEMPATH\CodeIgniter.php(354): CodeIgniter\CodeIgniter->handleRequest(null, Object(Config\Cache), false)
 7 SYSTEMPATH\Boot.php(363): CodeIgniter\CodeIgniter->run()
 8 SYSTEMPATH\Boot.php(68): CodeIgniter\Boot::runCodeIgniter(Object(CodeIgniter\CodeIgniter))
 9 FCPATH\index.php(59): CodeIgniter\Boot::bootWeb(Object(Config\Paths))
DEBUG - 2026-01-04 07:26:45 --> Session: Class initialized using 'CodeIgniter\Session\Handlers\FileHandler' driver.
DEBUG - 2026-01-04 07:26:49 --> Session: Class initialized using 'CodeIgniter\Session\Handlers\FileHandler' driver.
DEBUG - 2026-01-04 07:26:51 --> Session: Class initialized using 'CodeIgniter\Session\Handlers\FileHandler' driver.
DEBUG - 2026-01-04 07:27:13 --> Session: Class initialized using 'CodeIgniter\Session\Handlers\FileHandler' driver.
DEBUG - 2026-01-04 07:28:15 --> Session: Class initialized using 'CodeIgniter\Session\Handlers\FileHandler' driver.
DEBUG - 2026-01-04 07:29:09 --> Session: Class initialized using 'CodeIgniter\Session\Handlers\FileHandler' driver.
DEBUG - 2026-01-04 07:29:10 --> Session: Class initialized using 'CodeIgniter\Session\Handlers\FileHandler' driver.
CRITICAL - 2026-01-04 07:29:10 --> Error: Call to undefined function validation_show_error()
[Method: GET, Route: customer/create]
in APPPATH\Views\customer\create.php on line 21.
 1 SYSTEMPATH\View\View.php(226): include()
 2 SYSTEMPATH\View\View.php(229): CodeIgniter\View\View->CodeIgniter\View\{closure}()
 3 SYSTEMPATH\Common.php(1167): CodeIgniter\View\View->render('customer/create', [], true)
 4 APPPATH\Controllers\Customer.php(40): view('customer/create', [...])
 5 SYSTEMPATH\CodeIgniter.php(933): App\Controllers\Customer->create()
 6 SYSTEMPATH\CodeIgniter.php(507): CodeIgniter\CodeIgniter->runController(Object(App\Controllers\Customer))
 7 SYSTEMPATH\CodeIgniter.php(354): CodeIgniter\CodeIgniter->handleRequest(null, Object(Config\Cache), false)
 8 SYSTEMPATH\Boot.php(363): CodeIgniter\CodeIgniter->run()
 9 SYSTEMPATH\Boot.php(68): CodeIgniter\Boot::runCodeIgniter(Object(CodeIgniter\CodeIgniter))
10 FCPATH\index.php(59): CodeIgniter\Boot::bootWeb(Object(Config\Paths))
DEBUG - 2026-01-04 07:29:12 --> Session: Class initialized using 'CodeIgniter\Session\Handlers\FileHandler' driver.
DEBUG - 2026-01-04 07:29:24 --> Session: Class initialized using 'CodeIgniter\Session\Handlers\FileHandler' driver.
CRITICAL - 2026-01-04 07:29:24 --> Error: Call to undefined function validation_show_error()
[Method: GET, Route: customer/create]
in APPPATH\Views\customer\create.php on line 21.
 1 SYSTEMPATH\View\View.php(226): include()
 2 SYSTEMPATH\View\View.php(229): CodeIgniter\View\View->CodeIgniter\View\{closure}()
 3 SYSTEMPATH\Common.php(1167): CodeIgniter\View\View->render('customer/create', [], true)
 4 APPPATH\Controllers\Customer.php(40): view('customer/create', [...])
 5 SYSTEMPATH\CodeIgniter.php(933): App\Controllers\Customer->create()
 6 SYSTEMPATH\CodeIgniter.php(507): CodeIgniter\CodeIgniter->runController(Object(App\Controllers\Customer))
 7 SYSTEMPATH\CodeIgniter.php(354): CodeIgniter\CodeIgniter->handleRequest(null, Object(Config\Cache), false)
 8 SYSTEMPATH\Boot.php(363): CodeIgniter\CodeIgniter->run()
 9 SYSTEMPATH\Boot.php(68): CodeIgniter\Boot::runCodeIgniter(Object(CodeIgniter\CodeIgniter))
10 FCPATH\index.php(59): CodeIgniter\Boot::bootWeb(Object(Config\Paths))
DEBUG - 2026-01-04 07:31:46 --> Session: Class initialized using 'CodeIgniter\Session\Handlers\FileHandler' driver.
DEBUG - 2026-01-04 07:31:48 --> Session: Class initialized using 'CodeIgniter\Session\Handlers\FileHandler' driver.
DEBUG - 2026-01-04 07:31:50 --> Session: Class initialized using 'CodeIgniter\Session\Handlers\FileHandler' driver.
DEBUG - 2026-01-04 07:32:05 --> Session: Class initialized using 'CodeIgniter\Session\Handlers\FileHandler' driver.
DEBUG - 2026-01-04 07:32:05 --> Session: Class initialized using 'CodeIgniter\Session\Handlers\FileHandler' driver.
DEBUG - 2026-01-04 07:33:38 --> Session: Class initialized using 'CodeIgniter\Session\Handlers\FileHandler' driver.
DEBUG - 2026-01-04 07:33:40 --> Session: Class initialized using 'CodeIgniter\Session\Handlers\FileHandler' driver.
DEBUG - 2026-01-04 07:35:28 --> Session: Class initialized using 'CodeIgniter\Session\Handlers\FileHandler' driver.
DEBUG - 2026-01-04 07:35:29 --> Session: Class initialized using 'CodeIgniter\Session\Handlers\FileHandler' driver.
DEBUG - 2026-01-04 07:35:38 --> Session: Class initialized using 'CodeIgniter\Session\Handlers\FileHandler' driver.
DEBUG - 2026-01-04 07:35:38 --> Session: Class initialized using 'CodeIgniter\Session\Handlers\FileHandler' driver.
DEBUG - 2026-01-04 07:35:44 --> Session: Class initialized using 'CodeIgniter\Session\Handlers\FileHandler' driver.
DEBUG - 2026-01-04 07:35:45 --> Session: Class initialized using 'CodeIgniter\Session\Handlers\FileHandler' driver.
DEBUG - 2026-01-04 07:35:48 --> Session: Class initialized using 'CodeIgniter\Session\Handlers\FileHandler' driver.
DEBUG - 2026-01-04 07:35:50 --> Session: Class initialized using 'CodeIgniter\Session\Handlers\FileHandler' driver.
DEBUG - 2026-01-04 07:35:52 --> Session: Class initialized using 'CodeIgniter\Session\Handlers\FileHandler' driver.
DEBUG - 2026-01-04 07:35:55 --> Session: Class initialized using 'CodeIgniter\Session\Handlers\FileHandler' driver.
DEBUG - 2026-01-04 07:35:57 --> Session: Class initialized using 'CodeIgniter\Session\Handlers\FileHandler' driver.
DEBUG - 2026-01-04 07:36:02 --> Session: Class initialized using 'CodeIgniter\Session\Handlers\FileHandler' driver.
DEBUG - 2026-01-04 07:36:15 --> Session: Class initialized using 'CodeIgniter\Session\Handlers\FileHandler' driver.
DEBUG - 2026-01-04 07:36:55 --> Session: Class initialized using 'CodeIgniter\Session\Handlers\FileHandler' driver.
DEBUG - 2026-01-04 07:38:09 --> Session: Class initialized using 'CodeIgniter\Session\Handlers\FileHandler' driver.
DEBUG - 2026-01-04 07:38:11 --> Session: Class initialized using 'CodeIgniter\Session\Handlers\FileHandler' driver.
DEBUG - 2026-01-04 07:38:14 --> Session: Class initialized using 'CodeIgniter\Session\Handlers\FileHandler' driver.
DEBUG - 2026-01-04 07:38:16 --> Session: Class initialized using 'CodeIgniter\Session\Handlers\FileHandler' driver.
DEBUG - 2026-01-04 07:38:18 --> Session: Class initialized using 'CodeIgniter\Session\Handlers\FileHandler' driver.
DEBUG - 2026-01-04 07:38:34 --> Session: Class initialized using 'CodeIgniter\Session\Handlers\FileHandler' driver.
DEBUG - 2026-01-04 07:38:36 --> Session: Class initialized using 'CodeIgniter\Session\Handlers\FileHandler' driver.
DEBUG - 2026-01-04 07:38:37 --> Session: Class initialized using 'CodeIgniter\Session\Handlers\FileHandler' driver.
DEBUG - 2026-01-04 07:38:40 --> Session: Class initialized using 'CodeIgniter\Session\Handlers\FileHandler' driver.
DEBUG - 2026-01-04 07:38:42 --> Session: Class initialized using 'CodeIgniter\Session\Handlers\FileHandler' driver.
DEBUG - 2026-01-04 07:38:44 --> Session: Class initialized using 'CodeIgniter\Session\Handlers\FileHandler' driver.
DEBUG - 2026-01-04 07:42:27 --> Session: Class initialized using 'CodeIgniter\Session\Handlers\FileHandler' driver.
DEBUG - 2026-01-04 07:42:28 --> Session: Class initialized using 'CodeIgniter\Session\Handlers\FileHandler' driver.
DEBUG - 2026-01-04 07:42:31 --> Session: Class initialized using 'CodeIgniter\Session\Handlers\FileHandler' driver.
DEBUG - 2026-01-04 07:42:37 --> Session: Class initialized using 'CodeIgniter\Session\Handlers\FileHandler' driver.
DEBUG - 2026-01-04 07:42:46 --> Session: Class initialized using 'CodeIgniter\Session\Handlers\FileHandler' driver.
DEBUG - 2026-01-04 07:42:53 --> Session: Class initialized using 'CodeIgniter\Session\Handlers\FileHandler' driver.
DEBUG - 2026-01-04 07:42:53 --> Session: Class initialized using 'CodeIgniter\Session\Handlers\FileHandler' driver.
DEBUG - 2026-01-04 07:42:55 --> Session: Class initialized using 'CodeIgniter\Session\Handlers\FileHandler' driver.
DEBUG - 2026-01-04 07:43:00 --> Session: Class initialized using 'CodeIgniter\Session\Handlers\FileHandler' driver.
DEBUG - 2026-01-04 07:43:00 --> Session: Class initialized using 'CodeIgniter\Session\Handlers\FileHandler' driver.
DEBUG - 2026-01-04 07:43:08 --> Session: Class initialized using 'CodeIgniter\Session\Handlers\FileHandler' driver.
DEBUG - 2026-01-04 07:43:15 --> Session: Class initialized using 'CodeIgniter\Session\Handlers\FileHandler' driver.
DEBUG - 2026-01-04 07:43:18 --> Session: Class initialized using 'CodeIgniter\Session\Handlers\FileHandler' driver.
DEBUG - 2026-01-04 07:43:19 --> Session: Class initialized using 'CodeIgniter\Session\Handlers\FileHandler' driver.
DEBUG - 2026-01-04 07:43:20 --> Session: Class initialized using 'CodeIgniter\Session\Handlers\FileHandler' driver.
DEBUG - 2026-01-04 07:43:20 --> Session: Class initialized using 'CodeIgniter\Session\Handlers\FileHandler' driver.
DEBUG - 2026-01-04 08:49:44 --> Session: Class initialized using 'CodeIgniter\Session\Handlers\FileHandler' driver.
DEBUG - 2026-01-04 11:03:11 --> Session: Class initialized using 'CodeIgniter\Session\Handlers\FileHandler' driver.
DEBUG - 2026-01-04 11:03:11 --> Session: Class initialized using 'CodeIgniter\Session\Handlers\FileHandler' driver.
DEBUG - 2026-01-04 11:10:40 --> Session: Class initialized using 'CodeIgniter\Session\Handlers\FileHandler' driver.
DEBUG - 2026-01-04 11:10:41 --> Session: Class initialized using 'CodeIgniter\Session\Handlers\FileHandler' driver.
DEBUG - 2026-01-04 11:10:44 --> Session: Class initialized using 'CodeIgniter\Session\Handlers\FileHandler' driver.
DEBUG - 2026-01-04 11:10:46 --> Session: Class initialized using 'CodeIgniter\Session\Handlers\FileHandler' driver.
DEBUG - 2026-01-04 11:10:49 --> Session: Class initialized using 'CodeIgniter\Session\Handlers\FileHandler' driver.
DEBUG - 2026-01-04 11:10:53 --> Session: Class initialized using 'CodeIgniter\Session\Handlers\FileHandler' driver.
DEBUG - 2026-01-04 11:11:16 --> Session: Class initialized using 'CodeIgniter\Session\Handlers\FileHandler' driver.
DEBUG - 2026-01-04 11:11:19 --> Session: Class initialized using 'CodeIgniter\Session\Handlers\FileHandler' driver.
